Name,Classification,Sample,Habitat,MAP,MAT,DOC,SOC,TN,AN,NO3,NH4,TP,AP,TK,AK,pH,Lat,Lon,MBC,MBN,Gene_num,CAZy_abundance,AA,CBM,CE,GH,GT,PL,Cellulose,Chitin,Hemicellulose,Pectin,Xylan,Polymer,CAZyme_alpha,Genome size,Proteo_polymer (%),Acido_polymer (%),Gemmat_polymer (%),Actino_polymer (%),Proteo_ratio (%),Acido_ratio (%),Gemmat_ratio (%),Actino_ratio (%),p__Proteobacteria
1,pH <6.5,M1,Maize,553,0.7,164.42,43.64269142,3.79,259.98,59.55,3.72,0.69,39.96,14.66,183,5.07,48.14,126.99,602.74,9.73,537955,9.874504,0.179822,1.605627,0.7222216,3.128074,4.14626,0.09249959,1.2502977,1.671378,1.691397,0.05280761,2.095219,6.76109931,4.198175,4.866977237,31.9,10.89,5.74,11.49,4.45,7.93,5.67,6.43,13631
2,pH <6.5,M2,Maize,623,3.3,42.6,14.74477958,1.37,103.18,86.61,18.8,0.52,70.59,17.66,121.9,4.85,45.07,127.06,164.78,12.3,245963,10.150293,0.1886028,1.52061,0.7024717,3.498361,4.152577,0.08767083,1.2380742,1.607912,1.921391,0.04641397,1.842561,6.65635217,4.237583,3.847175646,25.59,16.61,4.94,12.87,4.28,7.73,5.26,7.28,13581
3,pH >6.5,M3,Maize,759,3.8,127.71,53.31206497,3.56,189.98,4.08,3.63,1.86,62.28,15.81,266.4,7.45,43.13,126.24,500.28,36.79,55474,9.720969,0.2105263,1.806182,0.6716792,2.923977,4.001671,0.106934,1.3483709,1.700919,1.647452,0.0417711,2.218881,6.957394,4.154731,2.947648289,22.05,9.66,5.26,0.33,4.24,6.59,5.96,3,11797
4,pH <6.5,M4,Maize,541,5,81.78,26.48491879,1.9,140.98,6.48,3.35,0.74,34.65,18.01,238.5,5.66,42.89,129.39,283.66,9.34,297650,10.372042,0.1937396,1.814952,0.7569793,3.220107,4.301019,0.08524541,1.5275978,1.797283,1.911667,0.04990731,2.323635,7.61009011,4.179653,4.086782114,24.5,18.11,3.43,13.17,4.93,7.19,5.13,9.13,11840
5,pH >6.5,M5,Maize,411,5.2,71.13,8.248259861,0.62,63.98,21.73,10.78,0.32,15.21,19.8,167,8.3,45.6,123.18,123.37,5.09,109518,9.612799,0.2589083,1.674605,0.6530795,2.933464,4.020547,0.07219558,1.2497303,1.614857,1.624815,0.05310939,1.908619,6.45113069,4.11843,3.533947771,13.6,8.63,3.91,21.32,3.84,8.24,7.18,6.4,9778
6,pH >6.5,M6,Maize,577,9.4,38.85,15.67865429,1.15,80.78,8.27,3.19,0.48,22.9,16.84,243.2,7.66,41.1,121.28,267.12,13.16,217909,10.526792,0.2407428,2.111991,0.7467765,3.062903,4.246807,0.11757207,1.6804624,1.940155,1.832918,0.06460004,2.566775,8.08491044,4.184108,3.870110143,18.71,19.09,4.63,5.6,4.41,7.88,7.02,6.22,11987
7,pH >6.5,M7,Maize,631,12.3,41.19,17.65661253,1.62,128.38,14.77,3.04,0.81,17.96,15.66,128.2,7.76,39.55,115.9,492.38,33.95,144303,9.767907,0.2462659,1.998345,0.7426457,2.669805,4.038376,0.07246888,1.5179986,1.774526,1.683458,0.05066408,2.314515,7.34116168,4.082842,3.907607287,16.06,19.49,2,4.4,3.97,7.13,5.89,5.88,10514
8,pH >6.5,M8,Maize,205,8.9,36.78,8.897911833,0.82,56.98,20.4,1.81,0.39,14.69,18.28,419.9,8.37,38.31,106.22,176.72,13.51,350034,10.909952,0.2238563,2.383567,0.796992,3.274758,4.100592,0.13018594,1.9607272,2.123989,2.0798,0.066416,3.006713,9.2376452,4.228672,4.428332118,6.99,20.79,6.39,8.57,3.99,7.93,5.8,8.97,10372
9,pH >6.5,M9,Maize,587,12.5,33.85,6.745939675,0.69,84.98,21.63,3.63,0.67,13.96,15.31,130.2,8.05,37.55,118.77,466.38,16.41,104849,9.215745,0.267619,1.734697,0.6238593,2.578794,3.954619,0.05615611,1.2924681,1.611856,1.444265,0.06229819,1.756633,6.16752029,4.09268,2.813376603,17.47,11.3,2.27,12.98,3.75,7.15,6.23,7.06,16228
10,pH >6.5,M10,Maize,585,14.7,28.78,13.76450116,1.33,125.58,24.7,1.79,0.89,39.65,15.63,299,7.85,36.71,117.09,166.32,16.23,229532,9.896542,0.2242467,2.063952,0.6923969,2.816122,4.014779,0.08504527,1.7807356,1.845322,1.870194,0.04773768,2.574625,8.11861428,4.137486,4.13012958,10.97,22.08,3.18,4.95,3.85,7.51,6.7,6.65,12288
11,pH >6.5,M11,Maize,603,14.9,35.25,25.06960557,2.7,181.58,29.25,3.1,0.83,24.53,16.23,338.5,8.1,34.87,114.33,411.17,45.35,218018,9.87497,0.2024171,2.13582,0.727423,3.018784,3.691661,0.09886476,1.6862408,1.839652,1.962806,0.06562575,2.716224,8.27054855,4.280673,4.146870597,14.3,11.54,2.63,5.19,3.24,6.31,6.66,11,12657
12,pH >6.5,M12,Maize,510,13.4,47.76,26.87354988,1.4,126.98,9.39,4.41,0.98,28,14.91,266.4,8.25,35.56,110.53,78.98,7.84,111242,9.728721,0.2352035,1.823874,0.6051678,2.938788,4.011015,0.11467218,1.4112211,1.653121,1.779511,0.04519925,2.100928,6.98998035,4.190117,2.788522654,28.31,20.86,3.82,8.82,5.68,9.39,10.03,5.69,14143
13,pH <6.5,M13,Maize,1311,16.7,52.23,22.01276102,2.21,159.18,17.37,5.48,0.97,26.65,13.61,294.3,4.64,27.47,109.95,316.67,18.32,267765,9.226291,0.1965399,1.663255,0.68023,2.981343,3.651469,0.05345363,1.427277,1.762666,1.890759,0.05573518,2.253527,7.38996418,4.186352,5.370090557,6.35,12.11,2.77,36.37,4.79,7.58,7.36,7.07,8829
14,pH <6.5,M14,Maize,1326,17.2,43.11,8.033642691,0.89,77.98,3.43,4.32,0.48,23.34,13.92,77.3,5.87,29.04,111.63,93.85,3.54,247558,9.421091,0.178323,1.777737,0.7012083,2.781033,3.913951,0.06883925,1.3621384,1.731234,1.763823,0.05162944,1.946906,6.85573084,4.123432,3.958759661,9.53,13.38,7.26,13.1,4.1,6.37,6.8,6.84,9662
15,pH <6.5,M15,Maize,944,15.5,55.87,9.431554524,1.03,101.78,14.87,2.78,0.4,29.34,12.88,92.5,6.21,32.49,114.35,165.06,6.52,119973,9.119883,0.2016612,1.917192,0.6338932,2.798578,3.464202,0.10435616,1.5780344,1.731043,1.667583,0.06980581,2.394551,7.44101721,4.27186,4.090255716,26.85,6.47,1.5,18.93,6.64,7.18,5.31,6.53,15621
16,pH >6.5,M16,Maize,1266,17.1,83.34,12.5812065,1.44,96.18,9.88,3.06,1.18,38.53,19.51,169,7.15,30.48,114.32,450.81,14.72,147177,9.333007,0.2315989,1.984784,0.705185,2.607473,3.723915,0.08005133,1.5906383,1.776406,1.734242,0.05010847,2.306212,7.45760677,4.114841,4.514795031,12.02,18.15,1.01,10.26,4.14,7.64,5.63,6.24,9158
17,pH <6.5,M17,Maize,841,15.9,97.96,13.42227378,1.26,128.38,11.39,1.34,0.5,32.46,12.39,213,5.2,32.3,112.24,120.06,10.77,426062,10.051206,0.176006,1.914091,0.7423762,3.294774,3.839584,0.08437506,1.5544084,1.780998,2.06211,0.05493708,2.574994,8.02744748,4.301493,5.300285377,17.54,18.19,0.6,19.41,4.75,7.51,5.09,9.02,16237
18,pH <6.5,M18,Maize,1471,17.8,45.17,10.78306265,1.19,86.38,22.96,3.02,0.69,29.4,12.13,132.3,4.98,27.38,112.01,112.71,6.96,178215,9.112902,0.2265186,1.689451,0.6611759,2.768891,3.712222,0.05464264,1.3615952,1.764957,1.783337,0.05563614,2.136527,7.10205234,4.117247,4.81278693,4.53,6.34,0.94,42.39,3.43,6.83,5.82,7.09,9522
19,pH >6.5,M19,Maize,1564,16.7,30.95,7.11136891,0.7,82.18,46.2,1.79,0.14,29.94,19.63,252.5,6.99,28.64,120.16,519.41,15.51,90193,10.007231,0.2127879,2.149571,0.7199669,3.011053,3.809524,0.10432807,1.8035327,1.966739,1.74672,0.05474641,2.993492,8.56523011,4.244743,3.311640512,32.94,8.88,4.36,7.98,5.84,7.22,7.76,11.26,13774
20,pH >6.5,M20,Maize,1311,16.9,72.16,18.68329466,1.93,139.58,12.72,4,0.37,24,15.06,68.6,6.88,30.1,120.66,415.98,14.14,112592,8.527546,0.2046797,1.64364,0.6078368,2.428246,3.578794,0.06435006,1.1567506,1.448264,1.433533,0.05039463,1.533547,5.62248923,4.118549,3.516224955,17.83,5.56,3.65,16.56,3.52,5.82,6.81,5.99,12398
21,pH >6.5,M21,Maize,1713,17.6,47.08,23.35266821,2.04,149.38,31.65,3.79,1.43,112.03,10.18,352.8,6.99,29.22,117.07,229.23,20.18,155720,10.260556,0.2135605,1.877402,0.7378093,2.898149,4.44978,0.08385567,1.5226742,1.71512,1.718136,0.08566551,2.380536,7.42213171,4.080083,3.687575977,18.46,20.6,0.59,22.44,3.64,8.19,5.4,7.3,10478
22,pH <6.5,M22,Maize,1577,17.9,53.82,15.19141531,1.51,121.38,42.88,11.82,1.12,112.4,21.75,159,4.41,26.9,120.03,370.49,12.65,360360,10.496752,0.1907855,1.697307,0.776824,3.317084,4.448876,0.06587549,1.3223237,1.732779,2.011989,0.05928794,2.036566,7.16294564,4.199416,4.07029712,15.91,20.08,0.98,19.63,4.63,7.36,5.23,7.19,11761
23,pH >6.5,M23,Maize,903,14.5,27.92,8.665893271,0.94,103.18,25.58,2.68,0.41,18.96,13.24,280.4,7.58,33.53,119.03,77.2,8.99,106244,9.508629,0.1973868,1.641105,0.6139952,3.098798,3.875245,0.08209894,1.2611794,1.624511,1.666434,0.05153018,2.044613,6.64826758,4.193143,3.135004809,43.61,3.64,2,11.72,4.79,6.81,6.59,7.67,12961
24,pH >6.5,M24,Maize,1236,16.2,21.55,8.352668213,0.91,76.58,8.58,3.14,0.63,38.78,12.36,111.5,6.52,31.03,118,265.88,9.23,110067,10.248258,0.1810823,2.077857,0.760212,2.927358,4.18659,0.11515834,1.843368,1.884258,1.926816,0.05090333,2.73209,8.43743533,4.092053,4.474509695,11.42,31.12,1.59,0.43,3.63,7.93,7.88,5.46,11784
25,pH >6.5,M25,Maize,1056,16.6,28.24,24.01392111,2.46,219.38,18.51,4.03,0.18,21.31,17.9,62,6.73,30.59,103.88,615.52,24.04,350339,10.161133,0.2114719,2.19936,0.7586259,2.971875,3.915768,0.10403264,1.9784545,1.986054,2.103975,0.05031302,2.869938,8.98873452,4.183473,5.302938124,13.35,24.05,4.74,2.62,4.27,8.23,7.9,7.7,15014
26,pH >6.5,M26,Maize,1085,17.9,61.36,10.45243619,0.96,72.38,10.92,2.71,0.25,13.06,17.61,161,8.2,29.39,105.82,109.62,6.16,34659,9.803714,0.2536127,2.113439,0.6895094,2.536127,4.137057,0.07397036,1.7145272,1.719811,1.976065,0.07661216,2.430455,7.91747036,3.987765,2.640750587,12.68,17.93,1.6,16.35,4.4,6.53,7.25,8.26,7847
27,pH >6.5,M27,Maize,808,12.5,52.69,3.857308585,0.71,56.98,2.25,2.27,0.16,10.56,17.74,113.6,7.28,32.43,104.7,283.03,9.66,426017,10.205365,0.239226,2.003738,0.6998681,3.015831,4.152155,0.09454705,1.3973175,1.812225,1.64358,0.073219,2.287599,7.2139405,4.209919,4.407486357,18.31,9.16,1.84,31.07,4.56,8.3,5.51,6.67,20230
28,pH >6.5,M28,Maize,977,14.2,26.85,7.819025522,0.76,80.78,23.01,10.24,0.14,4.94,8.29,134.4,8.07,25.44,102.83,418.05,16.55,277636,10.401595,0.187833,2.002191,0.7050545,3.192141,4.183369,0.13100674,1.5492824,1.884455,1.898407,0.06465268,2.574538,7.97133508,4.21962,4.7001494,23.18,15.58,2.06,4.12,4.23,7.83,7.32,7.9,14456
29,pH >6.5,M29,Maize,1205,15.7,34.07,12.15777262,1.55,107.38,71.52,3.49,1.38,22.46,16.56,195,7.32,26.66,106.57,458.08,23.21,339925,11.19014,0.2084693,2.742195,0.8794115,3.025,4.207515,0.12755032,2.2654583,2.216633,2.214987,0.05376315,3.622703,10.37354445,4.180953,5.763648138,8.02,27.52,4.68,3.28,4.17,8.63,7.39,10.28,10444
30,pH >6.5,M30,Maize,1003,16.6,24.89,10.64965197,1.23,156.38,100.25,17.27,0.46,10.06,15.27,124,7.35,25.27,99.91,535.14,19.15,455378,11.06542,0.1840385,2.575517,0.8541433,3.212699,4.107945,0.13107634,2.1111266,2.149775,2.298641,0.05275772,3.188979,9.80127932,4.204227,5.315026176,7.18,27.13,4.24,4.63,3.91,8.17,6.47,11.94,8711
31,pH <6.5,M31,Maize,1586,24.1,49.94,5.081206497,0.55,58.38,8.8,5.75,1.13,125.65,16.97,167,6.4,20.03,110.43,176.51,7.84,420620,10.215791,0.2032667,1.729078,0.7149305,3.234782,4.24434,0.08939363,1.3437458,1.72121,1.900653,0.05966861,2.058239,7.08351641,4.218704,4.279194906,22.87,14.2,3.69,14.3,4.49,7.17,6.67,6.64,14906
32,pH <6.5,M32,Maize,1724,19.2,34.73,59.14153132,3.4,229.18,62.11,4.27,1.19,96.15,14,257.1,5.98,25.11,117.02,346.32,21.7,144346,9.424074,0.1809784,1.819839,0.7019198,2.753637,3.879725,0.08797562,1.5383165,1.703585,1.875766,0.045873,2.215729,7.3792695,4.139954,6.855747646,16.55,18.29,5.13,3.57,3.63,7.74,6.89,6.49,15079
33,pH >6.5,M33,Maize,1869,22,68.44,6.073085847,0.59,52.78,10.28,5.01,0.61,106.15,5.16,128.2,7.24,23.39,113.43,142.93,6.71,210687,10.354184,0.1941875,2.129488,0.7131898,2.861088,4.36111,0.0951212,1.6420462,1.901986,1.852453,0.07758734,2.454302,7.92837454,4.137361,3.736716305,9.49,17.41,4.71,9.26,3.94,8.04,7.2,8.06,9928
34,pH <6.5,M34,Maize,1686,22.8,42.6,5.040603248,0.52,72.38,4.38,4.34,0.66,79.71,15.31,140.7,5.65,21.7,109.19,163.88,5.29,303079,10.138456,0.2048203,1.727928,0.7524073,2.959549,4.42058,0.07317154,1.359971,1.704837,1.868273,0.05667795,1.97893,6.96868895,4.148248,3.794620301,11.85,19.8,5.89,11.36,3.92,6.84,6.59,7.04,8393
35,pH <6.5,M35,Maize,1320,25.7,93.8,10.2900232,0.88,59.78,2.73,3.7,1.02,83.84,26.36,57.7,5.98,18.3,109.45,240.85,8,252983,9.474083,0.1899294,1.67795,0.686779,2.707397,4.147394,0.06463377,1.2554839,1.611511,1.569265,0.05560671,1.913376,6.40524261,4.147763,3.727791107,23.09,11.02,3.7,13.12,4.29,6.54,6.37,5.99,10657
36,pH <6.5,M36,Maize,1542,21.6,35,12.59860789,1.15,86.38,18.33,5.34,0.56,27.21,38.18,31.4,5.92,23.34,116.4,228.88,8.89,282361,9.789224,0.1842303,1.945953,0.6709621,2.918117,4.009852,0.06011041,1.5232302,1.802013,1.659372,0.05816088,2.294593,7.33736908,4.18842,3.816641346,25.79,12.24,2.71,8.66,4.49,8.02,5.95,6.12,10763
37,pH <6.5,R1,Rice,553,0.7,30.05,31.35150812,2.82,229.18,24.66,3.97,0.92,25.63,16.31,327.1,5.89,48.14,126.99,262.12,22.25,197577,10.352281,0.1806813,2.182365,0.7250901,3.32936,3.841133,0.09365156,1.7334998,2.019657,1.833773,0.07094815,2.7088,8.36667795,4.276223,3.738416772,24.32,6.42,2.52,4.25,5.37,7.61,5.69,7.18,11531
38,pH >6.5,R2,Rice,623,3.3,79.3,22.42459397,1.73,140.98,0.87,9.12,0.53,56.31,18.11,100.8,7.25,45.07,127.06,97.12,4.68,135700,10.259027,0.1468925,1.95305,0.7289454,3.004745,4.342639,0.08275634,1.4034096,1.768917,1.766848,0.04827453,1.957187,6.94463613,4.085233,3.537601843,18.24,13.91,0.32,0.28,3.27,7.23,5.67,5.54,9650
39,pH >6.5,R3,Rice,759,3.8,109.81,18.52668213,1.78,147.98,1.3,9.41,0.1,40.75,16.08,92.8,6.61,43.13,126.24,187.48,8.86,77410,10.028991,0.1636012,1.841716,0.8035704,2.953241,4.175438,0.09142417,1.384595,1.739465,1.644432,0.05894453,2.167715,6.99515153,4.11674,3.322142683,16.31,22.33,0.78,0.26,3.61,7.78,6.59,6.67,11325
40,pH >6.5,R4,Rice,541,5,28.01,39.11832947,2.95,175.98,15.47,6.23,0.09,19.88,17.26,278.1,6.8,42.89,129.39,271.16,27.1,135641,9.495163,0.1682569,1.971009,0.6269572,2.873721,3.766417,0.08880224,1.4241742,1.766029,1.481595,0.06142711,2.248766,6.98199131,4.179237,3.812841914,31.09,7.28,1.29,2.09,4.39,7.32,8.02,6.32,11564
41,pH >6.5,R5,Rice,411,5.2,69.39,14.75058005,1.59,107.38,10.06,3.99,0.39,5.25,17.79,101.1,9.13,45.6,123.18,269.38,24.22,213385,9.84606,0.2256755,1.94141,0.6551455,2.883584,4.055295,0.0849501,1.5557024,1.849595,1.694712,0.05877861,2.483718,7.64250601,4.116162,4.159684687,9.38,18.01,4.57,13.6,3.83,7.5,5.92,7.27,8225
42,pH >6.5,R6,Rice,577,9.4,136.81,38.225058,3.85,223.58,38.91,21.43,0.7,78.19,18.61,365.7,8.08,41.1,121.28,658.93,105.88,209915,8.581486,0.2003202,1.66447,0.6036137,2.262778,3.798123,0.05218053,1.0263644,1.518542,1.178926,0.06588897,1.563647,5.35336837,4.064462,3.200527579,38.82,1.93,2.21,0.95,3.61,6.59,6.79,6.37,11771
43,pH >6.5,R7,Rice,631,12.3,20.35,21.19489559,1.99,128.38,1.8,1.89,0.54,23.31,14.67,56.9,8.06,39.55,115.9,231.53,21.86,287169,9.628028,0.2419807,1.918235,0.6796332,2.753101,3.947351,0.08772616,1.4783,1.722564,1.625054,0.08250825,2.172935,7.08136125,4.196359,4.44756602,26.95,11.16,3.31,1.51,3.82,7.18,6.78,5.93,11265
44,pH >6.5,R8,Rice,205,8.9,27.53,10.62645012,1.01,76.58,1.39,5.53,0.44,11.06,17.44,157.85,8.44,38.31,106.22,619.7,25.64,84767,9.890591,0.2374179,2.017505,0.7538293,2.843545,3.940919,0.09737418,1.738512,1.840263,1.68709,0.07439825,2.670678,8.01094125,4.159593,3.611985911,20.03,16.82,2.96,0.17,4.02,8.06,6.27,4.32,11402
45,pH >6.5,R9,Rice,587,12.5,83.22,6.670533643,0.66,58.38,0.98,9.49,0.54,27.88,16.09,126.45,8.38,37.55,118.77,457.94,15.48,208120,9.609518,0.2376768,1.907333,0.6429111,2.776083,3.979037,0.06647665,1.2885542,1.707903,1.350022,0.06966388,1.970623,6.38676608,4.168423,3.736186075,37.67,6.54,2.69,0.45,3.75,7.38,7.4,4.65,12138
46,pH >6.5,R10,Rice,585,14.7,37.93,9.402552204,0.88,63.98,0.83,2.72,0.57,8.13,16.77,137.95,8.34,36.71,117.09,435.51,15.43,185559,9.460678,0.2238828,1.785553,0.6936862,2.679081,4.001342,0.0771319,1.3628304,1.682878,1.534123,0.07212333,2.072043,6.72399773,4.105892,4.17848978,26.59,16.32,1.32,1.55,3.73,7.64,6.32,6.21,10983
47,pH >6.5,R11,Rice,603,14.9,51.6,14.09512761,1.11,93.38,11.13,3.44,0.11,8.56,16.3,90.2,8.19,34.87,114.33,329.06,19.7,181717,9.741033,0.2060485,2.075313,0.6662065,2.745609,3.974231,0.07362528,1.6028837,1.79615,1.673441,0.05930925,2.327377,7.45916095,4.187229,3.748557824,19.22,17.25,2.32,0.87,3.59,7.77,6.83,6.64,12595
48,pH >6.5,R12,Rice,510,13.4,33.06,4.315545244,0.46,52.78,1.01,4.69,0.37,12.75,15.91,117.35,7.78,35.56,110.53,148.74,14.98,298090,10.71918,0.157704,2.088014,0.7675555,3.313036,4.273341,0.11952964,1.4437428,1.823922,1.783557,0.0647713,2.26856,7.3845531,4.239549,3.630101063,21.79,7.43,0.03,1.82,3.82,6.91,3.1,8.83,11792
49,pH <6.5,R13,Rice,1311,16.7,20.76,21.19489559,2.38,164.78,6.41,5.31,0.82,23.63,13.08,65.5,5.07,27.47,109.95,774,21.45,313145,10.076551,0.1700156,1.866394,0.727725,3.133519,4.11031,0.0685875,1.5426376,1.853025,2.001244,0.05899688,2.252925,7.70882848,4.181043,4.455806994,10.24,19.57,1.61,7.99,5.08,7.05,7.25,7.52,7959
50,pH <6.5,R14,Rice,1326,17.2,60.18,8.468677494,0.93,111.58,7.38,2.54,0.32,23.94,14.7,41.05,6.07,29.04,111.63,64.38,6.5,140381,9.314712,0.1568463,1.764521,0.7018874,2.692529,3.944686,0.05424269,1.2756836,1.631855,1.47697,0.03986511,1.847519,6.27189271,4.117522,3.385845354,14.77,10.62,7.81,5.38,3.62,5.94,6.4,7.93,9839
51,pH <6.5,R15,Rice,944,15.5,45.66,15.94547564,1.55,128.38,15.83,3.05,0.75,54.31,15.62,202.4,5.6,32.49,114.35,238.24,15.04,308258,10.359244,0.1959515,1.754835,0.732335,3.379035,4.193544,0.10354428,1.3960418,1.782527,1.883964,0.06501618,2.343592,7.47114098,4.251535,4.573524646,32.85,13.03,3.47,12.07,4.91,7.76,5.88,8.12,16250
52,pH >6.5,R16,Rice,1266,17.1,62.04,23.19025522,2.53,206.78,4.79,93.9,0.79,34.88,19.77,234.6,7.26,30.48,114.32,244.95,11.77,126045,9.580358,0.1632389,1.889748,0.7103098,2.830945,3.900821,0.085296,1.3816481,1.70592,1.702243,0.05956014,1.882394,6.73176524,4.177224,3.071666651,13.82,13.35,0.71,0.58,3.23,7.1,3.33,8.44,10244
53,pH >6.5,R17,Rice,841,15.9,230.31,14.07772622,1.44,124.18,1.4,6.87,0.14,23.06,15.82,162,6.52,32.3,112.24,477.26,53.72,318507,10.52624,0.1931447,1.984438,0.7780805,3.222649,4.233256,0.1146706,1.5917785,1.886273,2.03743,0.0677599,2.288779,7.8720204,4.21506,4.691656147,13.27,14.48,5.65,7.41,4.04,7.22,7.98,6.48,9991
54,pH <6.5,R18,Rice,1471,17.8,99.87,20.67285383,2.07,157.78,0.95,13.12,0.47,37.25,8.89,60.2,5.81,27.38,112.01,745.09,58.02,189251,9.846843,0.1766819,2.003046,0.7550467,2.828375,4.005603,0.07809145,1.5569482,1.828316,1.651634,0.05759244,2.202179,7.29666964,4.151187,3.659291806,15.92,10.97,8.57,1.08,3.86,7.16,6.6,7.84,11098
55,pH <6.5,R19,Rice,1564,16.7,57.68,19.16473318,2.14,154.98,15.18,7.91,0.57,42.81,14.08,42.95,5.2,28.64,120.16,673.21,23.82,80726,9.703635,0.1913523,1.78557,0.7043146,2.893338,4.081797,0.0472617,1.3164113,1.732545,1.52736,0.05302533,2.036864,6.66620563,4.125317,3.178615698,27.22,11.65,6.04,5.86,4.03,6.69,7.13,6.73,12122
56,pH >6.5,R20,Rice,1311,16.9,94.97,23.08584687,2.41,159.18,1.31,16.17,0.13,23.13,15.77,179.65,8,30.1,120.66,801.4,24.85,83157,8.964117,0.2085969,1.667665,0.5802987,2.565297,3.880123,0.06213523,1.1605974,1.53119,1.470164,0.04438231,1.570024,5.77635771,4.058248,3.696516197,24.32,13.24,1.04,1,3.36,7.6,6.08,9.03,10655
57,pH <6.5,R21,Rice,1713,17.6,82.4,22.11136891,2.82,156.38,0.34,89.03,0.09,10,16.14,138.55,5.4,29.22,117.07,1134.03,47.98,134046,8.9248,0.1873005,1.602991,0.6808441,2.682362,3.732338,0.03896397,1.1436267,1.544204,1.464909,0.05468627,1.660412,5.86783797,4.156368,3.218147773,21.56,13.31,3.57,1.97,3.49,6.19,6.86,10.43,6913
58,pH >6.5,R22,Rice,1577,17.9,79.52,17.05916473,1.56,107.38,0.91,19.79,0.16,8.44,22.89,68.1,6.79,26.9,120.03,195,18.64,166622,9.230674,0.1788475,1.737134,0.676461,2.800063,3.78175,0.05641876,1.0307708,1.619783,1.352922,0.06544576,1.690306,5.75922756,4.181987,3.777061709,36.8,5.19,2.86,0.33,3.36,8.3,7.78,5.82,10939
59,pH >6.5,R23,Rice,903,14.5,29.09,10.97447796,1.36,101.78,46.29,3.03,0.27,36.94,13.54,184.85,7.84,33.53,119.03,330.06,14.55,167592,9.151687,0.2012484,1.68105,0.6048823,2.779389,3.819741,0.06537731,0.9994201,1.500267,1.27969,0.08300076,1.669111,5.53148886,4.160826,4.044557367,46.22,4.11,0.24,0.93,3.56,7.06,4.44,8.61,14827
60,pH >6.5,R24,Rice,1236,16.2,118.9,21.3225058,2.66,163.38,2.22,23.08,0.28,55.19,14.24,103.1,7.72,31.03,118,741.49,39.15,124423,9.142358,0.2230579,1.742263,0.6638985,2.471722,3.98942,0.05199659,1.2336004,1.550855,1.354172,0.07686453,1.734727,5.95021893,4.07868,3.331954724,35.23,5.4,2.07,0.47,3.85,6.24,6.1,4.85,11183
61,pH >6.5,R25,Rice,1056,16.6,127.02,25.82366589,2.95,187.18,22.57,5.38,0.12,34.75,18.32,77.05,7.2,30.59,103.88,542.45,33.68,312131,10.151801,0.2088108,2.207554,0.7862846,2.879406,3.968584,0.10116114,1.8766424,1.924421,1.997564,0.0610506,2.761139,8.620817,4.169768,5.025060358,13.03,23.89,3.22,3.03,4.32,8.05,7.84,6.31,13506
62,pH >6.5,R26,Rice,1085,17.9,77.85,17.38979118,1.63,112.98,12.42,10.96,0.06,7.94,19.52,113.85,6.75,29.39,105.82,389.4,13.51,371229,9.447602,0.1810403,2.033202,0.6353914,2.812376,3.698823,0.08676931,1.5158373,1.771894,1.609608,0.07276619,2.272506,7.24261149,4.247055,4.528580011,28.11,8.44,0.91,1.5,4.11,6.95,6.27,5.64,15748
63,pH >6.5,R27,Rice,808,12.5,59.13,12.40139211,1.38,111.58,15.39,6.67,0.09,9.81,18.01,123.25,7.68,32.43,104.7,254.93,15,76156,9.169569,0.1978083,1.783916,0.6395398,2.775384,3.704962,0.06795869,1.5230028,1.718384,1.639503,0.05218257,2.230501,7.16357337,4.129265,3.207665326,31.31,11.05,3.65,0.96,4.17,7.39,5.23,6.21,13241
64,pH >6.5,R28,Rice,977,14.2,34.3,28.02204176,2.94,160.58,3.06,13.84,0.09,37.94,19.25,185.85,7.8,25.44,102.83,877.82,29.97,270234,9.037345,0.2100578,1.754764,0.682601,2.547081,3.777221,0.06562135,1.3336065,1.604078,1.449225,0.08437031,1.958919,6.43019881,4.166061,4.00915873,32.35,9.39,2.01,0.75,3.81,7.61,6.85,7.96,12135
65,pH >6.5,R29,Rice,1205,15.7,60.51,35.26102088,3.15,202.58,4.92,13.87,0.66,4.63,12.09,146.9,7.49,26.66,106.57,473.42,73.91,214131,10.155415,0.1862749,2.144307,0.7438119,3.237492,3.73494,0.10858882,1.8807755,1.956745,2.01855,0.05622583,2.913871,8.82616733,4.286096,4.497281341,14.71,20.48,2.06,14.87,4.62,8.41,8.31,8.37,11757
66,pH >6.5,R30,Rice,1003,16.6,51.22,5.980278422,0.79,72.38,0.97,22.59,0.42,10.56,14.63,63.55,8.13,25.27,99.91,179.82,6.43,76587,8.982672,0.2086379,1.586647,0.593431,2.674812,3.860425,0.05871844,0.8920205,1.511687,1.17187,0.11493822,1.571655,5.26217072,4.115183,3.041905223,54.96,3.4,0.07,0.25,3.74,7.4,3.53,5.66,17175
67,pH >6.5,R31,Rice,1586,24.1,35.83,9.350348028,0.89,61.18,0.28,9.65,0.59,76.81,19.17,67.2,7.32,20.03,110.43,97.77,8.39,67729,10.550647,0.1865672,1.912313,0.8052568,3.39662,4.164838,0.08505268,1.6914508,1.772388,2.205882,0.03841089,2.391078,8.09920969,4.166142,3.256947589,10.76,21.35,2.08,4.66,3.26,8.28,6.64,6.85,10290
68,pH <6.5,R32,Rice,1724,19.2,46.94,60.77146172,2.96,138.18,1.56,26.39,0.47,72.88,13.76,192.2,6.42,25.11,117.02,331.09,33.39,131264,9.887254,0.1699693,1.868245,0.7124545,2.794578,4.270478,0.07152873,1.3342587,1.687653,1.577173,0.05240719,1.866829,6.51832089,4.087707,3.453931765,20.75,13.43,3.06,0.6,3.41,7.56,6.4,5.54,9000
69,pH <6.5,R33,Rice,1869,22,67.4,18.12645012,1.74,129.78,0.52,60.97,0.44,39.38,8.36,72.8,6.05,23.39,113.43,415.09,40.59,137944,9.957969,0.1443573,1.818902,0.6721008,3.116104,4.145405,0.06110007,1.2099157,1.63493,1.600688,0.04901434,1.862545,6.35709304,4.146648,3.919176467,24.28,7.82,0.07,3.79,3.38,7.32,5.34,8.36,9557
70,pH <6.5,R34,Rice,1686,22.8,46.46,12.6450116,1.42,100.38,0.72,7.51,0.42,18.31,17.71,42.8,5.46,21.7,109.19,237.6,22.07,366640,9.849047,0.1704918,1.795696,0.7506167,2.833735,4.215775,0.08273129,1.4615023,1.739117,1.862083,0.06185987,2.080604,7.20516617,4.149618,4.26226746,10.77,26.91,1.4,1.63,3.99,6.45,5.84,6.92,10084
71,pH <6.5,R35,Rice,1320,25.7,31.5,6.856148492,0.7,51.38,8.14,2.06,0.69,40.63,12.3,47.2,6.26,18.3,109.45,131.04,4.71,220381,10.101924,0.1977319,1.607829,0.756995,2.917384,4.559146,0.06283854,1.0950663,1.6736,1.524044,0.05948715,1.787966,6.14016345,4.082985,3.789187382,21.76,4.61,3.94,31.76,4.15,7.02,5.93,6.25,11254
72,pH <6.5,R36,Rice,1542,21.6,50.7,29.99419954,2.91,140.98,0.51,9.31,0.52,15.75,27.69,43.3,5.38,23.34,116.4,219.21,14.75,336223,9.467637,0.1792033,1.902622,0.6277496,2.771462,3.925251,0.06134887,1.3518277,1.735258,1.526457,0.0600035,2.059492,6.7330382,4.186836,5.769491914,27.24,5.91,0.99,9.8,4.5,7.44,6.11,6.13,9111
