,X16SRNA,Newly.identified,Log2FoldChange,Habitat,Phylum_new,MAP,MAT,pH,Genome.size..Mb.,GC,Completeness,Contamination,scaffolds,Coding.density,Mean.contig.length,N50,Longest.scaffold,Domain,Phylum,Class,Order,Family,Genus,Species,name_bins,Gene_num,Polymer.ratio,Cellulose,Chitin,Xylan,Pectin,Hemicellulose,,Lipopolysaccharide biosynthesis,Fatty acid biosynthesis,Lipid biosynthesis proteins,DNA replication,Arginine biosynthesis,Cellular growth,Starch and sucrose metabolism
M1_bin.1,0,1,1.94065952,Maize,Acidobacteria_Maize,553,0.7,5.07,4.828733,0.576875342,83.99216524,3.58974359,619,0.886614977,7800.861066,9450,47992,d__Bacteria,p__Acidobacteriota,Acidobacteriae,Acidobacteriales,f__Koribacteraceae,g__Sulfotelmatobacter,s__,M1_bin.1,4439,12.97589547,2.342870016,2.478035594,3.446722234,0,4.708267628,M1_bin.1,0.045055193,0.090110385,0.135165578,0.022527596,0.090110385,0.382969137,0.315386348
M1_bin.10,0,1,1.316136834,Maize,Proteobacteria_Maize,553,0.7,5.07,2.868338,0.694621415,76.31661442,4.310344828,380,0.901327877,7548.257895,10492,52308,d__Bacteria,p__Proteobacteria,Gammaproteobacteria,Xanthomonadales,f__Rhodanobacteraceae,g__Frateuria_A,s__,M1_bin.10,2838,9.901338971,1.338971106,2.748414376,3.100775194,0.035236082,2.677942213,M1_bin.10,0.387596899,0.59901339,0.669485553,0.458069063,0.352360817,2.466525722,1.021846371
M1_bin.15,0,1,1.423630152,Maize,Gemmatimonadetes_Maize,553,0.7,5.07,3.65601,0.686280672,88.84350943,2.597402597,699,0.917402578,5230.343348,6819,58384,d__Bacteria,p__Gemmatimonadota,Gemmatimonadetes,Gemmatimonadales,f__Gemmatimonadaceae,g__,s__,M1_bin.15,3520,12.52840909,2.471590909,3.181818182,3.295454545,0.056818182,3.522727273,M1_bin.15,0.454545455,0.397727273,0.568181818,0.3125,0.426136364,2.15909091,0.568181818
M1_bin.19,0,1,0.167367697,Maize,Gemmatimonadetes_Maize,553,0.7,5.07,3.033102,0.70580119,79.10324969,2.197802198,516,0.951677853,5878.104651,7212,44962,d__Bacteria,p__Gemmatimonadota,Gemmatimonadetes,Gemmatimonadales,f__GWC2-71-9,g__,s__,M1_bin.19,3119,12.63225393,2.372555306,3.013786469,5.001603077,0.032061558,2.212247514,M1_bin.19,0,0,0.064123116,0.032061558,0.160307791,0.256492465,0.192369349
M1_bin.20,0,1,-0.026499267,Maize,Proteobacteria_Maize,553,0.7,5.07,3.384384,0.708522733,85.72582289,5.093457944,490,0.943049311,6906.906122,9111,27883,d__Bacteria,p__Proteobacteria,Gammaproteobacteria,Burkholderiales,f__Burkholderiaceae,g__Rhizobacter,s__,M1_bin.20,3433,6.787066706,0.932129332,2.097290999,2.388581416,0.087387125,1.281677833,M1_bin.20,0.495193708,0.669967958,0.844742208,0.378677542,0.320419458,2.709000874,0.17477425
M1_bin.25,1,1,1.377066783,Maize,Gemmatimonadetes_Maize,553,0.7,5.07,3.55611,0.656392519,81.28734011,4.460245637,643,0.934904151,5530.497667,7127,33353,d__Bacteria,p__Gemmatimonadota,Gemmatimonadetes,Gemmatimonadales,f__Gemmatimonadaceae,g__FEN-1250,s__,M1_bin.25,3548,12.42953777,2.733934611,3.043968434,3.833145435,0,2.818489289,M1_bin.25,0.535512965,0.338218715,0.479143179,0.281848929,0.394588501,2.029312289,0.704622322
M1_bin.30,0,1,0.64412566,Maize,Proteobacteria_Maize,553,0.7,5.07,3.452309,0.666063785,73.308966,4.714071091,574,0.904844265,6014.47561,7638,27584,d__Bacteria,p__Proteobacteria,Alphaproteobacteria,Rhizobiales,f__Xanthobacteraceae,g__Pseudolabrys,s__,M1_bin.30,3648,4.824561404,0.685307017,1.781798245,1.288377193,0.027412281,1.041666667,M1_bin.30,0.301535088,0.712719298,0.959429825,0.301535088,0.356359649,2.631578948,0.603070175
M1_bin.37,0,1,0.850165908,Maize,Proteobacteria_Maize,553,0.7,5.07,4.585272,0.604358258,93.62178689,5.094111969,485,0.872927059,9454.169072,13813,58931,d__Bacteria,p__Proteobacteria,Alphaproteobacteria,Rhizobiales,f__Xanthobacteraceae,g__Bradyrhizobium,s__,M1_bin.37,4507,5.901930331,0.754382072,1.730641224,1.99689372,0.133126248,1.286887064,M1_bin.37,0.199689372,0.399378744,0.66563124,0.155313956,0.244064788,1.6640781,0.199689372
M1_bin.38,0,0,1.097544923,Maize,Proteobacteria_Maize,553,0.7,5.07,2.349746,0.668100722,75.1601591,5.017006803,680,0.919398522,3455.508824,3808,18147,d__Bacteria,p__Proteobacteria,Alphaproteobacteria,Caulobacterales,f__Caulobacteraceae,g__Brevundimonas,s__Brevundimonas vesicularis,M1_bin.38,2773,6.31085467,1.045798773,1.875225388,1.586729175,0.32455824,1.478543094,M1_bin.38,0.5409304,0.5409304,0.721240534,0.685178507,0.468806347,2.957086188,0.64911648
M1_bin.5,0,1,0.586863906,Maize,Acidobacteria_Maize,553,0.7,5.07,5.143693,0.655556621,92.5154321,5.128205128,318,0.934310815,16175.13522,24368,95314,d__Bacteria,p__Acidobacteriota,Vicinamibacteria,Vicinamibacterales,f__2-12-FULL-66-21,g__QHWT01,s__,M1_bin.5,4367,16.23540188,3.984428669,3.389054271,4.854591253,0,4.007327684,M1_bin.5,0.045798031,0.137394092,0.206091138,0.022899015,0.091596061,0.503778337,0.228990153
M10_bin.13,1,1,4.036977625,Maize,Actinobacteria_Maize,585,14.7,7.85,2.635152,0.63156205,91.35802469,2.564102564,308,0.948419294,8555.688312,12723,63585,d__Bacteria,p__Actinobacteriota,Acidimicrobiia,UBA5794,f__,g__,s__,M10_bin.13,2739,6.681270537,1.423877328,1.861993428,1.788974078,0.07301935,1.533406353,M10_bin.13,0,0.109529025,0.21905805,0.036509675,0.109529025,0.474625775,0.401606426
M10_bin.14,0,1,0.870529968,Maize,Proteobacteria_Maize,585,14.7,7.85,3.310897,0.66207194,91.00876542,9.161345423,654,0.958890597,5062.533639,6006,29592,d__Bacteria,p__Proteobacteria,Gammaproteobacteria,Burkholderiales,f__SG8-39,g__SCGC-AG-212-J23,s__,M10_bin.14,3832,6.941544885,1.096033403,1.905010439,2.192066806,0.0782881,1.670146137,M10_bin.14,0.130480167,0.130480167,0.1565762,0.026096033,0.182672234,0.626304801,0.208768267
M11_bin.11,0,1,0.39436526,Maize,Actinobacteria_Maize,603,14.9,8.1,2.709659,0.716229976,84.43494777,5.982905983,460,0.931909144,5890.563043,7287,30757,d__Bacteria,p__Actinobacteriota,UBA4738,UBA4738,f__HRBIN12,g__HRBIN12,s__,M11_bin.11,2834,8.57445307,1.764290755,2.505292872,1.764290755,0.035285815,2.505292872,M11_bin.11,0.07057163,0.035285815,0.14114326,0.035285815,0.14114326,0.42342978,0.14114326
M11_bin.6,0,1,0.104465996,Maize,Proteobacteria_Maize,603,14.9,8.1,2.522274,0.658050632,73.97788799,2.900141349,527,0.953708439,4786.098672,5883,28542,d__Bacteria,p__Proteobacteria,Gammaproteobacteria,Burkholderiales,f__SG8-39,g__SCGC-AG-212-J23,s__,M11_bin.6,2936,6.4373297,0.885558584,2.247956404,2.009536786,0.136239782,1.158038148,M11_bin.6,0.068119891,0.272479564,0.340599455,0.068119891,0.136239782,0.885558583,0.30653951
M11_bin.9,0,1,0.840679529,Maize,Acidobacteria_Maize,603,14.9,8.1,4.463142,0.635710896,82.79320988,8.11965812,474,0.929605646,9415.911392,12228,37405,d__Bacteria,p__Acidobacteriota,Vicinamibacteria,Vicinamibacterales,f__UBA2999,g__,s__,M11_bin.9,4155,14.58483755,2.695547533,2.936221421,5.487364621,0.024067389,3.441636582,M11_bin.9,0.048134777,0.120336943,0.144404332,0.024067389,0.144404332,0.481347773,0.096269555
M12_bin.7,0,1,0,Maize,Proteobacteria_Maize,510,13.4,8.25,1.858821,0.452608939,87.18495935,1.422764228,389,0.920996158,4778.460154,6023,17140,d__Bacteria,p__Proteobacteria,Gammaproteobacteria,Thiomicrospirales,f__Thiomicrospiraceae,g__Thiomicrospira,s__,M12_bin.7,1983,5.748865356,0.806858295,1.966717095,1.815431164,0,1.159858799,M12_bin.7,1.008572869,0.655572365,0.605143722,0.756429652,0.554715078,3.580433686,0.504286435
M13_bin.10,0,1,0,Maize,Acidobacteria_Maize,1311,16.7,4.64,3.936397,0.559779921,81.26780627,5.199430199,637,0.87862022,6179.587127,7172,40393,d__Bacteria,p__Acidobacteriota,Acidobacteriae,Acidobacteriales,f__Gp1-AA112,g__,s__,M13_bin.10,3530,12.46458924,2.492917847,2.464589236,3.172804532,0.028328612,4.305949009,M13_bin.10,0.169971671,0.339943343,0.339943343,0.141643059,0.056657224,1.04815864,0.623229462
M13_bin.17,0,1,3.923046596,Maize,Acidobacteria_Maize,1311,16.7,4.64,4.388574,0.624839413,78.32621083,2.564102564,899,0.896915946,4881.617353,5864,23366,d__Bacteria,p__Acidobacteriota,Acidobacteriae,Acidobacteriales,f__Acidobacteriaceae,g__,s__,M13_bin.17,4037,12.83131038,2.477086945,2.427545207,3.864255635,0.049541739,4.012880853,M13_bin.17,0.47064652,0.495417389,0.569729998,0.371563042,0.346792172,2.254149121,1.040376517
M13_bin.8,0,1,1.439775323,Maize,Proteobacteria_Maize,1311,16.7,4.64,2.220614,0.642474559,80.78046585,6.637168142,486,0.924288057,4569.164609,5404,20018,d__Bacteria,p__Proteobacteria,Alphaproteobacteria,Sphingomonadales,f__Sphingomonadaceae,g__Sphingomonas_A,s__,M13_bin.8,2486,5.872888174,1.126307321,1.448109412,1.206757843,0.080450523,2.011263073,M13_bin.8,0.040225261,0.080450523,0.120675784,0.040225261,0.442477876,0.724054705,0.241351569
M14_bin.3,0,1,0.11226978,Maize,Gemmatimonadetes_Maize,1326,17.2,5.87,2.040273,0.704947818,75.57471264,7.62800418,362,0.958443306,5636.11326,6532,33634,d__Bacteria,p__Gemmatimonadota,Gemmatimonadetes,Gemmatimonadales,f__GWC2-71-9,g__AG41,s__,M14_bin.3,2248,9.208185053,1.957295373,2.446619218,2.891459075,0,1.912811387,M14_bin.3,0,0,0.088967972,0,0.044483986,0.133451958,0
M14_bin.4,0,1,5.835756633,Maize,Proteobacteria_Maize,1326,17.2,5.87,2.032572,0.626910141,84.72624799,7.53321256,340,0.911510146,5978.152941,8098,31505,d__Bacteria,p__Proteobacteria,Gammaproteobacteria,,f__,g__,s__,M14_bin.4,2018,9.365708622,1.288404361,2.279484638,3.121902874,0,2.67591675,M14_bin.4,0.693756194,0.991080278,0.941526264,0.346878097,0.445986125,3.419226958,0.545094153
M14_bin.6,0,1,6.249623017,Maize,Proteobacteria_Maize,1326,17.2,5.87,2.055522,0.629711577,74.68016736,7.125603865,433,0.905326725,4747.163972,6062,35679,d__Bacteria,p__Proteobacteria,Gammaproteobacteria,,f__,g__,s__,M14_bin.6,2067,11.07885825,2.273826802,2.080309627,2.805999032,0,3.918722787,M14_bin.6,0.91920658,0.91920658,0.870827286,0.387034349,0.387034349,3.483309144,0.435413643
M15_bin.3,1,1,1.56653516,Maize,Actinobacteria_Maize,944,15.5,6.21,2.838384,0.695655345,85.22988506,4.915845649,317,0.940132484,8953.892744,13060,40510,d__Bacteria,p__Actinobacteriota,Thermoleophilia,20CM-4-69-9,f__20CM-4-69-9,g__Palsa-739,s__,M15_bin.3,3048,8.628608924,1.377952756,2.329396326,2.854330708,0.098425197,1.968503937,M15_bin.3,0,0,0.098425197,0,0,0.098425197,0.229658793
M17_bin.1,1,1,1.803366112,Maize,Actinobacteria_Maize,841,15.9,5.2,2.57781,0.704926275,90.66091954,1.795977011,207,0.947055446,12453.18841,18008,80341,d__Bacteria,p__Actinobacteriota,Thermoleophilia,20CM-4-69-9,f__20CM-4-69-9,g__Palsa-739,s__,M17_bin.1,2738,8.72899927,1.680058436,2.373995617,2.666179693,0.146092038,1.862673484,M17_bin.1,0,0,0.073046019,0,0,0.073046019,0.109569028
M17_bin.13,0,1,3.21398894,Maize,Gemmatimonadetes_Maize,841,15.9,5.2,4.243741,0.667821858,79.32067932,5.494505495,482,0.91273737,8804.441909,12130,58598,d__Bacteria,p__Gemmatimonadota,Gemmatimonadetes,Gemmatimonadales,f__Gemmatimonadaceae,g__,s__,M17_bin.13,3747,11.68935148,2.508673606,2.828929811,3.629570324,0,2.722177742,M17_bin.13,0.45369629,0.320256205,0.427008273,0.160128102,0.480384307,1.841473177,0.480384307
M17_bin.2,0,1,4.205031053,Maize,Acidobacteria_Maize,841,15.9,5.2,6.246803,0.609084359,98.70689655,4.310344828,51,0.880667599,122486.3333,205749,465341,d__Bacteria,p__Acidobacteriota,Acidobacteriae,Acidobacteriales,f__Acidobacteriaceae,g__Terracidiphilus,s__,M17_bin.2,4777,13.12539251,2.051496755,2.90977601,3.809922547,0.041867281,4.312329914,M17_bin.2,0.272137325,0.334938246,0.355871886,0.314004605,0.355871886,1.632823948,0.837345614
M17_bin.28,0,1,3.378542399,Maize,Proteobacteria_Maize,841,15.9,5.2,4.874196,0.617364997,74.29467085,6.896551724,566,0.883099284,8611.65371,12054,60338,d__Bacteria,p__Proteobacteria,Gammaproteobacteria,Xanthomonadales,f__Rhodanobacteraceae,g__Dyella,s__,M17_bin.28,4362,11.14167813,1.490142136,2.934433745,3.2783127,0.022925264,3.415864282,M17_bin.28,0.412654746,0.7565337,0.7565337,0.5043558,0.320953691,2.751031637,0.733608436
M17_bin.31,0,1,1.145464203,Maize,Actinobacteria_Maize,841,15.9,5.2,2.553248,0.702489143,82.54310345,0,163,0.950847313,15664.09816,20998,79771,d__Bacteria,p__Actinobacteriota,Thermoleophilia,20CM-4-69-9,f__20CM-4-69-9,g__Palsa-739,s__,M17_bin.31,2760,9.420289855,1.666666667,2.282608695,2.862318841,0.108695652,2.5,M17_bin.31,0,0.072463768,0.217391304,0,0,0.289855072,0.036231884
M17_bin.32,0,1,3.716254328,Maize,Proteobacteria_Maize,841,15.9,5.2,2.558741,0.643087753,77.09537468,6.027864044,644,0.911852352,3973.200311,4433,48224,d__Bacteria,p__Proteobacteria,Gammaproteobacteria,,f__,g__,s__,M17_bin.32,2636,7.663125948,1.517450683,2.162367223,2.276176025,0,1.707132018,M17_bin.32,0.606980273,0.796661608,0.91047041,0.417298938,0.379362671,3.1107739,0.303490137
M17_bin.36,0,1,2.024445975,Maize,Acidobacteria_Maize,841,15.9,5.2,5.937163,0.560413787,88.19444444,4.05982906,326,0.870085089,18212.15644,28044,83822,d__Bacteria,p__Acidobacteriota,Acidobacteriae,Acidobacteriales,f__Koribacteraceae,g__Gp1-AA145,s__,M17_bin.36,4938,11.96840826,2.146618064,2.55164034,3.6654516,0.081004455,3.523693803,M17_bin.36,0.040502228,0.020251114,0.040502228,0.020251114,0,0.121506684,0.42527339
M17_bin.43,0,1,3.230595117,Maize,Acidobacteria_Maize,841,15.9,5.2,5.155658,0.596192377,94.61206897,0,63,0.882568045,81835.84127,263368,554897,d__Bacteria,p__Acidobacteriota,Acidobacteriae,Acidobacteriales,f__Acidobacteriaceae,g__Terracidiphilus,s__,M17_bin.43,4243,10.93565873,1.744049022,2.474664152,3.723780345,0.09427292,2.898892293,M17_bin.43,0.471364601,0.37709168,0.44779637,0.30638699,0.40065991,2.003299551,0.848456281
M17_bin.8,0,1,2.226354832,Maize,Acidobacteria_Maize,841,15.9,5.2,5.149387,0.605375747,71.74829435,7.943469786,1126,0.910047157,4573.167851,5370,24566,d__Bacteria,p__Acidobacteriota,Acidobacteriae,Bryobacterales,f__Bryobacteraceae,g__PSRJ01,s__,M17_bin.8,5123,12.92211595,2.518055826,2.108139762,4.821393715,0.058559438,3.415967207,M17_bin.8,0.292797189,0.351356627,0.44895569,0.136638688,0.37087644,1.600624634,0.644153816
M18_bin.8,0,1,4.238781398,Maize,Acidobacteria_Maize,1471,17.8,4.98,2.968011,0.576637688,76.92307692,1.863722697,770,0.897588318,3854.55974,4514,20352,d__Bacteria,p__Acidobacteriota,Acidobacteriae,UBA7541,f__UBA7541,g__,s__,M18_bin.8,2917,11.38155639,2.331162153,2.399725746,2.879670895,0.034281796,3.736715803,M18_bin.8,0.034281796,0.034281796,0.034281796,0,0,0.102845388,0.274254371
M2_bin.14,0,1,4.639241415,Maize,Proteobacteria_Maize,623,3.3,4.85,2.941155,0.64521285,81.97638951,6.013584117,491,0.897860534,5990.132383,7969,28276,d__Bacteria,p__Proteobacteria,Gammaproteobacteria,Xanthomonadales,f__Rhodanobacteraceae,g__66-474,s__,M2_bin.14,2866,8.722958828,1.011863224,2.547103977,2.791346826,0.034891835,2.337752965,M2_bin.14,0.453593859,0.52337753,0.52337753,0.558269365,0.314026518,2.372644802,0.558269365
M2_bin.17,0,1,4.76954866,Maize,Gemmatimonadetes_Maize,623,3.3,4.85,3.616341,0.667632007,71.04072398,2.197802198,735,0.90941894,4920.191837,5913,41241,d__Bacteria,p__Gemmatimonadota,Gemmatimonadetes,Gemmatimonadales,f__Gemmatimonadaceae,g__,s__,M2_bin.17,3354,12.79069767,2.742993441,2.83243888,3.637447823,0,3.577817532,M2_bin.17,0.327966607,0.417412045,0.53667263,0.238521169,0.298151461,1.818723912,0.53667263
M2_bin.2,0,1,1.7034767,Maize,Actinobacteria_Maize,623,3.3,4.85,2.607512,0.713910808,78.44144144,1.392535393,568,0.922441009,4590.690141,5741,24225,d__Bacteria,p__Actinobacteriota,Actinobacteria,Frankiales,f__Frankiaceae,g__,s__,M2_bin.2,2697,9.56618465,1.483129403,2.817945865,2.892102337,0.370782351,2.002224694,M2_bin.2,0,0.556173526,0.778642937,0.556173526,0.259547646,2.150537635,0.593251761
M2_bin.20,0,1,3.757968624,Maize,Proteobacteria_Maize,623,3.3,4.85,2.996232,0.652030617,81.42433429,9.225608922,706,0.904845486,4243.954674,5248,41704,d__Bacteria,p__Proteobacteria,Gammaproteobacteria,Xanthomonadales,f__Rhodanobacteraceae,g__66-474,s__,M2_bin.20,3140,8.121019108,1.146496816,2.101910829,2.515923568,0,2.356687898,M2_bin.20,0.636942675,0.477707006,0.50955414,0.382165605,0.286624204,2.29299363,0.50955414
M2_bin.5,0,1,4.667220759,Maize,Proteobacteria_Maize,623,3.3,4.85,3.122565,0.650502071,90.21223317,5.984507112,659,0.88680652,4738.338392,5983,34923,d__Bacteria,p__Proteobacteria,Gammaproteobacteria,Xanthomonadales,f__Rhodanobacteraceae,g__Rhodanobacter,s__,M2_bin.5,3046,7.058437295,0.886408405,2.495075509,1.936966514,0.032829941,1.707156927,M2_bin.5,0.328299409,0.426789232,0.525279054,0.262639527,0.229809586,1.772816808,0.229809586
M21_bin.10,0,1,1.35183925,Maize,Acidobacteria_Maize,1713,17.6,6.99,5.255447,0.653577707,78.412868,7.318376068,593,0.948147322,8862.473862,12377,66806,d__Bacteria,p__Acidobacteriota,Vicinamibacteria,Vicinamibacterales,f__2-12-FULL-66-21,g__QHWT01,s__,M21_bin.10,4711,17.59711314,3.905752494,3.268945023,5.455317342,0.021226916,4.945871366,M21_bin.10,0.084907663,0.063680747,0.127361494,0.042453831,0.169815326,0.488219061,0.403311399
M21_bin.5,0,1,1.305844312,Maize,Acidobacteria_Maize,1713,17.6,6.99,6.099113,0.667411147,100,5.175688509,34,0.949135227,179385.6765,372603,1442042,d__Bacteria,p__Acidobacteriota,Thermoanaerobaculia,Gp7-AA8,f__Gp7-AA8,g__QHVT01,s__,M21_bin.5,4973,15.00100543,3.016287955,3.961391514,5.208123869,0.080434345,2.734767746,M21_bin.5,0.201085864,0.180977277,0.22119445,0.080434345,0.22119445,0.904886386,0.361954555
M21_bin.9,1,1,2.052265251,Maize,Actinobacteria_Maize,1713,17.6,6.99,2.405922,0.684944898,84.13793103,3.620689655,292,0.930630336,8239.458904,12075,41711,d__Bacteria,p__Actinobacteriota,Thermoleophilia,Solirubrobacterales,f__70-9,g__,s__,M21_bin.9,2417,9.267687216,1.861812164,2.482416219,3.06164667,0.082747207,1.779064958,M21_bin.9,0,0.206868018,0.330988829,0.289615225,0.330988829,1.158460901,0.289615225
M22_bin.1,0,1,3.090715321,Maize,Actinobacteria_Maize,1577,17.9,4.41,3.283322,0.737129346,100,2.564102564,232,0.924299231,14152.25,24710,67159,d__Bacteria,p__Actinobacteriota,Acidimicrobiia,Acidimicrobiales,f__UBA8190,g__UBA8190,s__,M22_bin.1,3037,10.4708594,1.745143234,2.831741851,3.325650313,0.197563385,2.370760619,M22_bin.1,0,0.164636154,0.428054001,0.032927231,0,0.625617386,0.362199539
M22_bin.18,0,1,4.424560963,Maize,Acidobacteria_Maize,1577,17.9,4.41,4.179405,0.599092455,82.45929119,4.843151341,745,0.891512309,5609.939597,6896,30772,d__Bacteria,p__Acidobacteriota,Acidobacteriae,Acidobacteriales,f__Acidobacteriaceae,g__KBS-89,s__,M22_bin.18,3892,10.84275437,1.464542651,2.389516958,2.954779034,0.077081192,3.956834533,M22_bin.18,0.308324769,0.35971223,0.282631038,0.282631038,0.308324769,1.541623844,1.002055498
M22_bin.21,1,1,5.462245427,Maize,Acidobacteria_Maize,1577,17.9,4.41,3.174305,0.677727566,84.82905983,3.34045584,660,0.903945588,4809.55303,6380,34035,d__Bacteria,p__Acidobacteriota,Acidobacteriae,Acidobacteriales,f__,g__,s__,M22_bin.21,2787,12.95299605,2.404018658,2.619303911,3.26515967,0.107642626,4.556871188,M22_bin.21,0.430570506,0.538213132,0.502332257,0.071761751,0.251166128,1.794043774,0.39468963
M22_bin.26,0,1,6.711695432,Maize,Acidobacteria_Maize,1577,17.9,4.41,3.579363,0.564385898,84.087132,3.846153846,655,0.896150237,5464.676336,6378,35192,d__Bacteria,p__Acidobacteriota,Acidobacteriae,Acidobacteriales,f__Koribacteraceae,g__Gp1-AA145,s__,M22_bin.26,3351,11.78752611,2.148612355,2.626081766,3.461653237,0.059683677,3.491495075,M22_bin.26,0.029841838,0.059683677,0.059683677,0,0,0.149209192,0.328260221
M22_bin.28,0,1,1.325196451,Maize,Actinobacteria_Maize,1577,17.9,4.41,2.581238,0.714618334,94.72701149,1.293103448,114,0.952454985,22642.4386,32803,144341,d__Bacteria,p__Actinobacteriota,Thermoleophilia,20CM-4-69-9,f__20CM-4-69-9,g__Palsa-739,s__,M22_bin.28,2738,7.669831994,1.132213294,2.227903578,2.593133674,0.109569028,1.607012416,M22_bin.28,0,0.036523009,0.109569028,0,0.036523009,0.182615046,0.073046019
M22_bin.3,0,1,0.993523941,Maize,Proteobacteria_Maize,1577,17.9,4.41,2.8337,0.686396584,94.82557486,3.928571429,314,0.931632848,9024.522293,13579,47947,d__Bacteria,p__Proteobacteria,Alphaproteobacteria,Caulobacterales,f__Caulobacteraceae,g__Palsa-881,s__,M22_bin.3,2837,7.225942897,0.986958055,1.868170603,2.291152626,0.246739514,1.832922101,M22_bin.3,0.458230525,0.951709552,1.127952062,0.493479027,0.669721537,3.701092703,0.281988016
M22_bin.36,1,1,0.152908072,Maize,Proteobacteria_Maize,1577,17.9,4.41,3.13206,0.682720957,95.54134881,1.445092559,179,0.929539345,17497.5419,26816,88201,d__Bacteria,p__Proteobacteria,Gammaproteobacteria,Burkholderiales,f__Palsa-1005,g__PALSA-1003,s__,M22_bin.36,2901,6.239227852,0.861771803,1.895897966,1.826956223,0.034470872,1.62013099,M22_bin.36,0.310237849,0.620475698,0.827300931,0.344708721,0.172354361,2.27507756,0.137883488
M22_bin.4,0,1,6.640372979,Maize,Acidobacteria_Maize,1577,17.9,4.41,3.532948,0.580901559,94.44444444,3.751187085,149,0.897849048,23711.0604,44396,174971,d__Bacteria,p__Acidobacteriota,Acidobacteriae,UBA7541,f__UBA7541,g__,s__,M22_bin.4,2908,10.66024759,2.132049519,2.682255846,2.613480056,0.137551582,3.094910592,M22_bin.4,0.034387895,0.068775791,0.068775791,0.068775791,0.068775791,0.309491059,0.171939477
M22_bin.44,1,1,3.933411043,Maize,Proteobacteria_Maize,1577,17.9,4.41,2.822435,0.656864374,88.99471936,4.413011557,458,0.909108979,6162.521834,8097,35480,d__Bacteria,p__Proteobacteria,Gammaproteobacteria,Xanthomonadales,f__Rhodanobacteraceae,g__66-474,s__,M22_bin.44,2796,9.799713877,1.573676681,2.467811159,3.111587983,0.035765379,2.610872675,M22_bin.44,0.643776824,0.429184549,0.39341917,0.464949928,0.250357654,2.181688125,0.536480687
M22_bin.50,0,1,2.81073669,Maize,Proteobacteria_Maize,1577,17.9,4.41,3.043364,0.676397565,86.96529216,4.751660628,343,0.937519797,8872.781341,12039,41120,d__Bacteria,p__Proteobacteria,Gammaproteobacteria,Steroidobacterales,f__Steroidobacteraceae,g__,s__,M22_bin.50,2830,9.787985866,1.554770318,2.120141342,3.109540637,0.070671378,2.932862191,M22_bin.50,0,0.247349823,0.212014134,0.106007067,0.070671378,0.636042402,0.530035336
M26_bin.5,1,1,1.162933446,Maize,Proteobacteria_Maize,1085,17.9,8.2,3.885891,0.660189902,94.94762834,6.150882154,656,0.953496637,5923.614329,7817,41162,d__Bacteria,p__Proteobacteria,Gammaproteobacteria,Burkholderiales,f__SG8-39,g__SCGC-AG-212-J23,s__,M26_bin.5,4382,6.914650844,1.004107714,1.939753538,2.350524874,0.114103149,1.506161571,M26_bin.5,0.136923779,0.114103149,0.114103149,0,0.114103149,0.479233226,0.02282063
M27_bin.10,0,1,3.648108425,Maize,Actinobacteria_Maize,808,12.5,7.28,5.199072,0.722272167,73.71794872,8.205128205,1292,0.933227507,4024.049536,4607,64979,d__Bacteria,p__Actinobacteriota,Thermoleophilia,Solirubrobacterales,f__Solirubrobacteraceae,g__SEOHO-28,s__,M27_bin.10,5491,9.633946458,1.766527044,2.622473137,3.13239847,0.254962666,1.857585139,M27_bin.10,0.018211619,0.54634857,1.074485522,0.291385904,0.291385904,2.221817519,0.400655618
M27_bin.14,0,1,0.536251686,Maize,Proteobacteria_Maize,808,12.5,7.28,3.890433,0.679059632,86.46945982,7.326332046,748,0.95658838,5201.113636,6408,21911,d__Bacteria,p__Proteobacteria,Gammaproteobacteria,Burkholderiales,f__SG8-39,g__SCGC-AG-212-J23,s__,M27_bin.14,4493,6.409971066,0.823503227,2.003115959,2.225684399,0.044513688,1.313153795,M27_bin.14,0.200311596,0.267082128,0.244825284,0,0.155797908,0.868016916,0.133541064
M27_bin.15,0,1,0.883064904,Maize,Acidobacteria_Maize,808,12.5,7.28,5.679675,0.6663214,98.90788224,9.572649573,279,0.931951212,20357.25806,30277,130924,d__Bacteria,p__Acidobacteriota,Vicinamibacteria,Vicinamibacterales,f__2-12-FULL-66-21,g__2-12-FULL-66-21,s__,M27_bin.15,4871,16.38267296,3.223157462,3.038390473,5.358242661,0.020529665,4.742352701,M27_bin.15,0.041059331,0.082118661,0.143707658,0.041059331,0.102648327,0.410593308,0.30794498
M27_bin.16,0,1,1.401028466,Maize,Proteobacteria_Maize,808,12.5,7.28,2.293223,0.660560268,84.01045857,4.439528024,332,0.926431926,6907.298193,9442,29679,d__Bacteria,p__Proteobacteria,Alphaproteobacteria,Sphingomonadales,f__Sphingomonadaceae,g__Sphingomonas_A,s__,M27_bin.16,2435,7.26899384,0.862422998,2.176591376,2.381930184,0.205338809,1.642710472,M27_bin.16,0,0.287474333,0.45174538,0.123203285,0.164271047,1.026694045,0.369609856
M27_bin.24,0,1,0.653738164,Maize,Proteobacteria_Maize,808,12.5,7.28,4.760883,0.668590469,95.31807855,6.349399546,363,0.886416028,13115.38017,21539,69436,d__Bacteria,p__Proteobacteria,Alphaproteobacteria,Rhizobiales,f__Xanthobacteraceae,g__PALSA-894,s__,M27_bin.24,4599,5.02283105,0.761035008,1.65253316,1.56555773,0.130463144,0.913242008,M27_bin.24,0.347901718,0.695803436,0.978473581,0.304414003,0.369645575,2.696238313,0.108719287
M27_bin.28,0,1,1.182362966,Maize,Actinobacteria_Maize,808,12.5,7.28,2.583324,0.734768461,73.36679537,3.873873874,277,0.919344999,9326.079422,12207,32942,d__Bacteria,p__Actinobacteriota,Actinobacteria,Actinomycetales,f__Dermatophilaceae,g__Phycicoccus,s__,M27_bin.28,2538,10.08668243,1.615445232,2.639873916,3.388494878,0.11820331,2.324665091,M27_bin.28,0,0.433412136,0.748620961,0.630417652,0.275807723,2.088258472,0.827423168
M27_bin.35,0,1,3.005700751,Maize,Gemmatimonadetes_Maize,808,12.5,7.28,2.925757,0.628470854,92.60935143,7.692307692,325,0.930025631,9002.329231,12259,53508,d__Bacteria,p__Gemmatimonadota,Gemmatimonadetes,Gemmatimonadales,f__Gemmatimonadaceae,g__UBA4720,s__,M27_bin.35,2867,12.66131845,2.267178235,3.278688525,4.255319149,0.034879665,2.825252878,M27_bin.35,0.453435647,0.348796652,0.383676317,0.174398326,0.488315312,1.848622254,0.279037321
M27_bin.38,0,1,1.342525316,Maize,Proteobacteria_Maize,808,12.5,7.28,2.17308,0.691156331,98.5840708,3.17530552,57,0.92875734,38124.21053,59306,151181,d__Bacteria,p__Proteobacteria,Alphaproteobacteria,Sphingomonadales,f__Sphingomonadaceae,g__Sphingomonas_A,s__,M27_bin.38,2104,7.271863118,0.903041825,2.281368821,2.186311786,0.237642586,1.663498098,M27_bin.38,0.095057034,0.047528517,0.095057034,0,0.237642586,0.475285171,0.190114068
M27_bin.39,1,1,0.486057099,Maize,Acidobacteria_Maize,808,12.5,7.28,6.348639,0.707780991,86.36363636,2.068965517,619,0.932585709,10256.28271,15667,72918,d__Bacteria,p__Acidobacteriota,Vicinamibacteria,Fen-336,f__Fen-336,g__AA29,s__,M27_bin.39,5727,15.40073337,3.265234852,3.282696001,5.151038938,0.052383447,3.649380129,M27_bin.39,0.122228043,0.209533787,0.261917234,0.087305745,0.139689192,0.820674001,0.261917234
M27_bin.41,0,1,2.721190747,Maize,Gemmatimonadetes_Maize,808,12.5,7.28,3.261295,0.614393056,85.0140056,3.544494721,410,0.941241746,7954.378049,10073,57820,d__Bacteria,p__Gemmatimonadota,Gemmatimonadetes,Gemmatimonadales,f__Gemmatimonadaceae,g__,s__,M27_bin.41,3144,14.88549618,3.212468194,3.721374046,5.597964377,0.031806616,2.321882951,M27_bin.41,0.413486005,0.445292621,0.508905852,0.063613232,0.445292621,1.876590331,0.318066158
M27_bin.7,0,1,1.312510715,Maize,Proteobacteria_Maize,808,12.5,7.28,2.097915,0.654510788,89.65205149,4.461651917,275,0.928478513,7628.781818,10498,29142,d__Bacteria,p__Proteobacteria,Alphaproteobacteria,Sphingomonadales,f__Sphingomonadaceae,g__Sphingomonas_A,s__,M27_bin.7,2261,5.882352941,0.840336134,1.857585139,1.636444051,0.132684653,1.415302964,M27_bin.7,0.044228218,0.221141088,0.132684653,0.044228218,0.221141088,0.663423265,0.088456435
M28_bin.11,0,0,1.09313347,Maize,Proteobacteria_Maize,977,14.2,8.07,4.490875,0.66485284,98.87931034,0.344827586,52,0.895378072,86362.98077,130032,531086,d__Bacteria,p__Proteobacteria,Gammaproteobacteria,Xanthomonadales,f__Xanthomonadaceae,g__Stenotrophomonas,s__Stenotrophomonas indicatrix,M28_bin.11,3995,8.285356696,0.725907384,2.853566959,2.728410513,0.075093867,1.902377973,M28_bin.11,0.400500626,0.650813517,0.775969962,0.400500626,0.300375469,2.5281602,0.400500626
M28_bin.15,0,1,0.628708376,Maize,Proteobacteria_Maize,977,14.2,8.07,2.415144,0.613152259,75.26098533,5.324483776,580,0.919076047,4164.041379,4770,32481,d__Bacteria,p__Proteobacteria,Alphaproteobacteria,Sphingomonadales,f__Sphingomonadaceae,g__Sphingomonas_A,s__,M28_bin.15,2714,5.600589536,0.663227708,1.731761237,1.84229919,0.110537951,1.252763448,M28_bin.15,0.036845984,0.257921887,0.405305822,0.110537951,0.184229919,0.994841563,0.184229919
M28_bin.18,0,1,0.620815951,Maize,Proteobacteria_Maize,977,14.2,8.07,3.424441,0.67688157,93.53923471,3.050641887,293,0.891290579,11687.51195,17370,71600,d__Bacteria,p__Proteobacteria,Gammaproteobacteria,Xanthomonadales,f__Xanthomonadaceae,g__,s__,M28_bin.18,3053,12.57779234,1.867016049,3.701277431,3.865050769,0.032754668,3.111693417,M28_bin.18,0.458565346,0.425810678,0.425810678,0.360301343,0.39305601,2.063544055,0.818866689
M28_bin.20,0,0,0.059492288,Maize,Proteobacteria_Maize,977,14.2,8.07,5.660678,0.672296145,90.4008671,2.518059856,756,0.904228963,7487.669312,10125,56346,d__Bacteria,p__Proteobacteria,Gammaproteobacteria,Burkholderiales,f__Burkholderiaceae,g__Delftia,s__Delftia acidovorans,M28_bin.20,5566,5.839022637,0.664750269,1.742723679,2.048149478,0.071864894,1.311534315,M28_bin.20,0.323392023,0.880344951,1.113905857,0.341358246,0.395256917,3.054257994,0.143729788
M28_bin.22,0,0,1.025726761,Maize,Proteobacteria_Maize,977,14.2,8.07,5.935106,0.64750638,99.14772727,1.310179719,193,0.885142574,30751.84456,48212,326036,d__Bacteria,p__Proteobacteria,Gammaproteobacteria,Pseudomonadales,f__Pseudomonadaceae,g__Pseudomonas_E,s__Pseudomonas_E sp001259595,M28_bin.22,5282,5.94471791,0.605831125,2.158273382,1.817493373,0.075728891,1.28739114,M28_bin.22,0.511170011,0.492237789,0.681560015,0.35971223,0.700492238,2.745172283,0.340780008
M28_bin.25,0,1,4.842597684,Maize,Proteobacteria_Maize,977,14.2,8.07,3.054942,0.572840335,71.06622751,1.263595862,950,0.91323305,3215.728421,3476,14467,d__Bacteria,p__Proteobacteria,Gammaproteobacteria,Enterobacterales,f__Enterobacteriaceae,g__Enterobacter,s__,M28_bin.25,3460,7.803468208,0.895953757,1.994219653,1.936416185,0.028901734,2.947976879,M28_bin.25,0.549132948,0.289017341,0.433526012,0.433526012,0.346820809,2.052023122,1.242774566
M29_bin.11,0,1,2.208090751,Maize,Acidobacteria_Maize,1205,15.7,7.32,6.518039,0.556821768,97.09757835,2.564102564,140,0.924225062,46557.42143,75115,206946,d__Bacteria,p__Acidobacteriota,Blastocatellia,Pyrinomonadales,f__Pyrinomonadaceae,g__PSRF01,s__,M29_bin.11,5070,15.70019724,3.372781065,3.747534517,5.305719921,0.059171598,3.214990139,M29_bin.11,0.019723866,0.098619329,0.138067061,0,0.039447732,0.295857988,0.157790927
M29_bin.3,0,1,1.445260465,Maize,Acidobacteria_Maize,1205,15.7,7.32,6.9642,0.672225525,89.63081671,6.153846154,563,0.919194308,12369.80462,18627,110463,d__Bacteria,p__Acidobacteriota,Thermoanaerobaculia,UBA5704,f__UBA5704,g__,s__,M29_bin.3,5638,14.73926924,3.352252572,3.210358283,5.143667968,0.124157503,2.908832919,M29_bin.3,0.070947144,0.195104647,0.336998936,0.124157503,0.248315005,0.975523235,0.354735722
M30_bin.15,0,1,0.755507703,Maize,Proteobacteria_Maize,1003,16.6,7.35,2.821947,0.659111954,78.72303683,6.386488245,486,0.959816396,5806.475309,7272,23521,d__Bacteria,p__Proteobacteria,Gammaproteobacteria,Burkholderiales,f__SG8-39,g__SCGC-AG-212-J23,s__,M30_bin.15,3296,6.310679612,0.879854369,1.729368932,2.275485437,0.151699029,1.274271845,M30_bin.15,0.060679612,0.182038835,0.242718447,0,0.151699029,0.637135923,0.242718447
M30_bin.7,0,1,5.624921993,Maize,Acidobacteria_Maize,1003,16.6,7.35,3.246433,0.536699202,81.52896486,3.062678063,499,0.914335826,6505.877756,8286,32553,d__Bacteria,p__Acidobacteriota,Blastocatellia,Pyrinomonadales,f__Pyrinomonadaceae,g__,s__,M30_bin.7,3112,12.91773779,2.538560411,3.11696658,4.338046273,0.032133676,2.892030848,M30_bin.7,0,0.032133676,0.032133676,0.064267352,0,0.128534704,0.128534704
M30_bin.8,0,1,1.978313756,Maize,Acidobacteria_Maize,1003,16.6,7.35,4.355197,0.535114715,93.96367521,3.162393162,469,0.880922953,9286.134328,11814,61860,d__Bacteria,p__Acidobacteriota,Blastocatellia,Pyrinomonadales,f__Pyrinomonadaceae,g__PSRF01,s__,M30_bin.8,3730,13.72654155,3.002680965,3.324396783,4.772117962,0.053619303,2.573726542,M30_bin.8,0.053619303,0.080428954,0.107238606,0,0,0.241286863,0.107238606
M30_bin.9,0,1,0.972058091,Maize,Acidobacteria_Maize,1003,16.6,7.35,4.561117,0.671716818,76.89655172,1.724137931,235,0.938943684,19409.00851,25639,111902,d__Bacteria,p__Acidobacteriota,Vicinamibacteria,Vicinamibacterales,f__2-12-FULL-66-21,g__QHWT01,s__,M30_bin.9,3851,18.28096598,4.102830434,3.479615684,5.790703713,0.051934562,4.855881589,M30_bin.9,0.051934562,0.077901844,0.129836406,0.051934562,0.129836406,0.44144378,0.259672812
M31_bin.27,0,1,0,Maize,Acidobacteria_Maize,1586,24.1,6.4,2.249519,0.584669878,75.66476733,4.273504274,332,0.89124075,6775.659639,9594,36005,d__Bacteria,p__Acidobacteriota,Acidobacteriae,Acidobacteriales,f__QIAW01,g__,s__,M31_bin.27,2087,9.822712027,2.204120747,2.252036416,3.449928127,0,1.916626737,M31_bin.27,0.143747005,0.335409679,0.287494011,0.047915668,0.095831337,0.9103977,0.335409679
M31_bin.28,0,1,1.046856597,Maize,Proteobacteria_Maize,1586,24.1,6.4,2.389924,0.654960158,83.67878219,7.354829797,472,0.942145441,5063.398305,6292,27769,d__Bacteria,p__Proteobacteria,Gammaproteobacteria,Xanthomonadales,f__Rhodanobacteraceae,g__Rudaea,s__,M31_bin.28,2467,10.13376571,1.905147953,3.040129713,3.323875152,0.040535063,1.824077828,M31_bin.28,0.526955817,0.891771382,0.810701257,0.770166194,0.364815565,3.364410215,0.28374544
M31_bin.3,0,1,1.198909243,Maize,Actinobacteria_Maize,1586,24.1,6.4,2.560524,0.697404516,72.0135468,5.689655172,632,0.936430981,4051.462025,4547,110137,d__Bacteria,p__Actinobacteriota,Thermoleophilia,20CM-4-69-9,f__20CM-4-69-9,g__Palsa-739,s__,M31_bin.3,2950,5.966101695,0.847457627,2,1.79661017,0.13559322,1.186440678,M31_bin.3,0,0,0.06779661,0.033898305,0.06779661,0.169491525,0.169491525
M31_bin.31,0,1,0,Maize,Acidobacteria_Maize,1586,24.1,6.4,4.39028,0.617782237,86.61835749,0.869565217,411,0.934596654,10681.94647,14530,53846,d__Bacteria,p__Acidobacteriota,Acidobacteriae,Bryobacterales,f__Bryobacteraceae,g__Palsa-187,s__,M31_bin.31,3936,14.48170732,3.25203252,2.896341463,4.49695122,0.12703252,3.709349593,M31_bin.31,0.406504065,0.406504065,0.508130081,0.279471545,0.330284553,1.930894309,0.381097561
M31_bin.33,0,1,1.331294627,Maize,Gemmatimonadetes_Maize,1586,24.1,6.4,4.057388,0.719152322,76.01880878,0,631,0.920253868,6430.091918,8173,32143,d__Bacteria,p__Gemmatimonadota,Gemmatimonadetes,Gemmatimonadales,f__Gemmatimonadaceae,g__,s__,M31_bin.33,3676,15.61479869,3.346028292,3.72687704,4.978237214,0,3.563656148,M31_bin.33,0.516866159,0.244831338,0.353645267,0.244831338,0.408052231,1.768226333,0.598476605
M31_bin.34,0,1,2.866320849,Maize,Gemmatimonadetes_Maize,1586,24.1,6.4,2.645492,0.693660385,95.6043956,3.396603397,279,0.943661897,9482.050179,15732,82925,d__Bacteria,p__Gemmatimonadota,Gemmatimonadetes,Gemmatimonadales,f__GWC2-71-9,g__,s__,M31_bin.34,2546,12.37234878,2.395915161,3.220738413,4.516889238,0,2.23880597,M31_bin.34,0,0.039277298,0.078554595,0.039277298,0.117831893,0.274941084,0.196386489
M31_bin.36,0,1,1.37907777,Maize,Acidobacteria_Maize,1586,24.1,6.4,4.841786,0.618540968,98.07692308,2.237654321,282,0.878204448,17169.4539,26330,104198,d__Bacteria,p__Acidobacteriota,Acidobacteriae,Acidobacteriales,f__Koribacteraceae,g__,s__,M31_bin.36,4017,11.37664924,2.016430172,2.514314164,3.086880756,0.074682599,3.684341549,M31_bin.36,0.049788399,0.149365198,0.124470998,0.199153597,0.074682599,0.597460791,0.348518795
M31_bin.39,0,1,2.397290855,Maize,Proteobacteria_Maize,1586,24.1,6.4,2.145148,0.640234147,87.49849034,2.395330113,310,0.923927393,6919.832258,9644,45733,d__Bacteria,p__Proteobacteria,Gammaproteobacteria,,f__,g__,s__,M31_bin.39,2100,7.904761905,1.142857143,2.571428572,2.571428571,0,1.61904762,M31_bin.39,0.80952381,0.476190476,0.714285714,0.380952381,0.476190476,2.857142857,0.095238095
M31_bin.40,1,1,3.435658935,Maize,Gemmatimonadetes_Maize,1586,24.1,6.4,4.358943,0.668035118,94.37621202,2.297702298,590,0.912633866,7388.038983,11671,55141,d__Bacteria,p__Gemmatimonadota,Gemmatimonadetes,Gemmatimonadales,f__Gemmatimonadaceae,g__,s__,M31_bin.40,3910,12.1483376,2.659846547,2.864450128,3.631713556,0,2.992327365,M31_bin.40,0.434782609,0.409207161,0.485933504,0.153452685,0.409207161,1.89258312,0.511508951
M31_bin.41,0,1,1.769852489,Maize,Proteobacteria_Maize,1586,24.1,6.4,4.058001,0.619853716,93.72404392,3.824181566,409,0.898900715,9921.762836,16318,83580,d__Bacteria,p__Proteobacteria,Gammaproteobacteria,Xanthomonadales,f__Rhodanobacteraceae,g__Rudaea,s__,M31_bin.41,3641,8.761329305,1.592968964,2.307058499,2.581708322,0.027464982,2.252128536,M31_bin.41,0.411974732,0.631694589,0.576764625,0.521834661,0.38450975,2.526778357,0.38450975
M31_bin.6,0,1,2.873115273,Maize,Actinobacteria_Maize,1586,24.1,6.4,3.314209,0.681823325,93.11744387,7.99407846,538,0.92778307,6160.239777,8559,84090,d__Bacteria,p__Actinobacteriota,Actinobacteria,Propionibacteriales,f__Nocardioidaceae,g__,s__,M31_bin.6,3458,7.142857143,1.243493349,2.226720649,2.197802198,0.14459225,1.330248699,M31_bin.6,0.02891845,0.43377675,0.578368999,0.3470214,0.1735107,1.561596299,0.3470214
M33_bin.14,1,1,2.942658007,Maize,Actinobacteria_Maize,1869,22,7.24,2.094061,0.678924826,78.44806316,3.281519862,504,0.940235743,4154.882937,4853,23737,d__Bacteria,p__Actinobacteriota,Actinobacteria,Propionibacteriales,f__Nocardioidaceae,g__Aeromicrobium,s__,M33_bin.14,2268,5.599647266,0.837742504,1.71957672,2.028218695,0.220458554,0.793650794,M33_bin.14,0.044091711,0.617283951,0.881834215,0.705467372,0.440917108,2.689594357,0.440917108
M33_bin.17,0,1,0.7330186,Maize,Actinobacteria_Maize,1869,22,7.24,2.494329,0.705657514,73.69252874,7.471264368,622,0.939658321,4010.175241,4496,21060,d__Bacteria,p__Actinobacteriota,Thermoleophilia,20CM-4-69-9,f__20CM-4-69-9,g__,s__,M33_bin.17,2744,7.835276968,1.457725947,1.895043731,2.150145772,0.109329446,2.223032071,M33_bin.17,0,0.072886297,0.145772595,0.036443149,0.145772595,0.400874636,0.327988338
M33_bin.3,0,1,1.260529996,Maize,Gemmatimonadetes_Maize,1869,22,7.24,3.244748,0.680148042,89.01098901,7.342657343,526,0.938014601,6168.722433,8282,43847,d__Bacteria,p__Gemmatimonadota,Gemmatimonadetes,Gemmatimonadales,f__GWC2-71-9,g__,s__,M33_bin.3,3150,14.0952381,3.111111111,3.333333333,5.555555556,0,2.095238096,M33_bin.3,0.095238095,0.063492063,0.222222222,0.031746032,0.095238095,0.507936507,0.063492063
M34_bin.16,1,1,0.397403014,Maize,Proteobacteria_Maize,1686,22.8,5.65,3.537025,0.701194931,92.4304506,2.849346546,347,0.954063938,10193.15562,15263,46944,d__Bacteria,p__Proteobacteria,Gammaproteobacteria,Burkholderiales,f__SG8-39,g__SCGC-AG-212-J23,s__,M34_bin.16,3741,6.629243518,0.962309543,2.138465651,1.951349906,0.106923283,1.470195135,M34_bin.16,0.053461641,0.133654103,0.133654103,0.080192462,0.053461641,0.45442395,0.187115744
M34_bin.20,1,1,0.247541303,Maize,Gemmatimonadetes_Maize,1686,22.8,5.65,3.957365,0.685222364,94.10589411,1.098901099,150,0.948746957,26382.43333,76079,206376,d__Bacteria,p__Gemmatimonadota,Gemmatimonadetes,Gemmatimonadales,f__GWC2-71-9,g__,s__,M34_bin.20,3540,13.55932203,2.372881356,3.446327683,4.067796611,0.056497175,3.615819209,M34_bin.20,0,0,0.056497175,0,0.056497175,0.11299435,0.169491525
M34_bin.28,0,1,4.369880909,Maize,Acidobacteria_Maize,1686,22.8,5.65,3.217936,0.57763641,77.4691358,4.036087369,526,0.902341749,6117.749049,8780,56176,d__Bacteria,p__Acidobacteriota,Acidobacteriae,UBA7541,f__UBA7541,g__,s__,M34_bin.28,2933,10.97852029,2.14797136,2.488919194,2.82986703,0.034094783,3.477667916,M34_bin.28,0.10228435,0.10228435,0.068189567,0,0.034094783,0.30685305,0.204568701
M34_bin.31,0,1,0.789390808,Maize,Gemmatimonadetes_Maize,1686,22.8,5.65,2.253858,0.728159449,84.58208458,2.262443439,565,0.950943227,3989.129204,4823,20129,d__Bacteria,p__Gemmatimonadota,Gemmatimonadetes,Gemmatimonadales,f__GWC2-71-9,g__,s__,M34_bin.31,2370,12.15189873,2.320675106,2.784810125,3.417721519,0,3.628691982,M34_bin.31,0,0,0.042194093,0,0,0.042194093,0.126582278
M34_bin.32,0,1,1.37602652,Maize,Gemmatimonadetes_Maize,1686,22.8,5.65,4.294684,0.671305968,70.80272669,7.875457875,560,0.923470039,7669.078571,9598,38026,d__Bacteria,p__Gemmatimonadota,Gemmatimonadetes,Gemmatimonadales,f__Gemmatimonadaceae,g__AG2,s__,M34_bin.32,3813,17.0993968,4.06504065,3.619197482,5.08785733,0.026226069,4.30107527,M34_bin.32,0.472069237,0.340938893,0.445843168,0.236034618,0.445843168,1.940729084,0.60319958
M34_bin.33,0,1,3.531964156,Maize,Gemmatimonadetes_Maize,1686,22.8,5.65,4.334017,0.668039142,91.75824176,1.898101898,453,0.913907583,9567.366446,16224,79237,d__Bacteria,p__Gemmatimonadota,Gemmatimonadetes,Gemmatimonadales,f__Gemmatimonadaceae,g__,s__,M34_bin.33,3814,11.69375983,2.490823283,2.884111169,3.408495019,0,2.910330362,M34_bin.33,0.445726272,0.367068694,0.445726272,0.157315155,0.367068694,1.782905087,0.524383849
M34_bin.35,0,1,0.215908178,Maize,Gemmatimonadetes_Maize,1686,22.8,5.65,3.141405,0.716322792,94.40559441,7.806898983,346,0.936513439,9079.205202,13058,52370,d__Bacteria,p__Gemmatimonadota,Gemmatimonadetes,Gemmatimonadales,f__GWC2-71-9,g__,s__,M34_bin.35,3054,9.004584152,1.833660773,2.685003274,2.979698757,0,1.506221349,M34_bin.35,0.065487885,0.098231827,0.163719712,0.032743942,0.098231827,0.458415193,0.163719712
M34_bin.39,1,1,4.201520107,Maize,Gemmatimonadetes_Maize,1686,22.8,5.65,4.130654,0.666406337,93.70629371,3.296703297,332,0.922578846,12441.72892,21393,123871,d__Bacteria,p__Gemmatimonadota,Gemmatimonadetes,Gemmatimonadales,f__Gemmatimonadaceae,g__,s__,M34_bin.39,3607,14.1668977,2.855558636,3.27141669,4.823953425,0.02772387,3.188245079,M34_bin.39,0.499029665,0.471305794,0.554477405,0.249514832,0.304962573,2.079290269,0.582201275
M34_bin.40,0,1,2.700631576,Maize,Proteobacteria_Maize,1686,22.8,5.65,2.167115,0.652212273,83.90777339,6.931677019,454,0.917682726,4773.381057,5750,25048,d__Bacteria,p__Proteobacteria,Alphaproteobacteria,Elsterales,f__URHD0088,g__,s__,M34_bin.40,2281,5.918456817,1.0521701,1.928978518,1.183691364,0.087680842,1.665935993,M34_bin.40,0.613765892,0.569925471,0.745287155,0.569925471,0.701446734,3.200350723,0.48224463
M34_bin.5,1,1,0.928916865,Maize,Proteobacteria_Maize,1686,22.8,5.65,5.06107,0.665731752,99.47826087,6.775362319,456,0.894964306,11098.83772,17048,66029,d__Bacteria,p__Proteobacteria,Alphaproteobacteria,Elsterales,f__URHD0088,g__,s__,M34_bin.5,4760,5.273109244,0.819327731,1.449579831,1.281512605,0.06302521,1.659663866,M34_bin.5,0.378151261,0.546218487,0.756302521,0.273109244,0.483193277,2.43697479,0.273109244
M34_bin.6,0,1,7.195720448,Maize,Acidobacteria_Maize,1686,22.8,5.65,4.742979,0.574103111,86.95987654,4.301994302,437,0.879945705,10853.49886,15625,65359,d__Bacteria,p__Acidobacteriota,Acidobacteriae,Acidobacteriales,f__Gp1-AA117,g__Gp1-AA17,s__,M34_bin.6,4025,9.416149068,1.98757764,2.310559005,2.385093167,0.02484472,2.708074534,M34_bin.6,0.198757764,0.347826087,0.397515528,0.049689441,0.173913043,1.167701863,0.248447205
M34_bin.8,0,1,2.462872006,Maize,Proteobacteria_Maize,1686,22.8,5.65,4.569959,0.662145328,81.57763256,7.274808776,702,0.918830782,6509.913105,8579,49271,d__Bacteria,p__Proteobacteria,Gammaproteobacteria,Steroidobacterales,f__Steroidobacteraceae,g__,s__,M34_bin.8,4383,9.90189368,1.665525896,2.099018937,2.783481634,0.045630846,3.308236368,M34_bin.8,0.114077116,0.365046772,0.433493041,0.114077116,0.022815423,1.049509468,0.661647274
M34_bin.9,0,1,2.182479672,Maize,Proteobacteria_Maize,1686,22.8,5.65,3.445839,0.655476068,78.68708827,3.579710145,848,0.912015042,4063.489387,4794,26503,d__Bacteria,p__Proteobacteria,Alphaproteobacteria,Elsterales,f__URHD0088,g__,s__,M34_bin.9,3594,5.564830273,0.946021147,1.419031719,1.168614357,0.111296605,1.919866444,M34_bin.9,0.250417362,0.528658876,0.667779633,0.361713968,0.278241514,2.086811353,0.278241514
M35_bin.23,0,1,0,Maize,Proteobacteria_Maize,1320,25.7,5.98,2.070148,0.451735818,91.80894309,0.101626016,235,0.919855972,8809.140426,12559,33076,d__Bacteria,p__Proteobacteria,Gammaproteobacteria,Thiomicrospirales,f__Thiomicrospiraceae,g__Thiomicrospira,s__,M35_bin.23,2078,5.822906641,0.577478345,2.021174206,1.780558229,0,1.443695861,M35_bin.23,0.914340712,0.62560154,0.62560154,0.721847931,0.529355149,3.416746872,0.577478345
M35_bin.3,0,1,2.736332602,Maize,Proteobacteria_Maize,1320,25.7,5.98,2.237759,0.612267005,72.27140975,3.983436853,574,0.919182986,3898.534843,4457,18679,d__Bacteria,p__Proteobacteria,Alphaproteobacteria,UBA1301,f__UBA1301,g__UBA6038,s__,M35_bin.3,2418,3.928866832,0.537634409,1.157981803,1.075268818,0.330851944,0.82712986,M35_bin.3,0.206782465,0.578990902,0.744416873,0.372208437,0.41356493,2.315963607,0.578990902
M35_bin.4,1,1,0.724158175,Maize,Proteobacteria_Maize,1320,25.7,5.98,2.815833,0.655553437,85.70838931,8.109041342,613,0.940406622,4593.528548,5845,46688,d__Bacteria,p__Proteobacteria,Gammaproteobacteria,Xanthomonadales,f__Rhodanobacteraceae,g__Rudaea,s__,M35_bin.4,2877,10.94890511,2.467848453,2.91970803,3.82342718,0.034758429,1.703163017,M35_bin.4,0.486618005,0.695168578,0.625651721,0.695168578,0.486618005,2.989224887,0.208550574
M35_bin.5,0,1,1.235957222,Maize,Actinobacteria_Maize,1320,25.7,5.98,3.287224,0.724058659,87.21264368,1.293103448,240,0.935003821,13696.76667,20570,113114,d__Bacteria,p__Actinobacteriota,Thermoleophilia,20CM-4-69-9,f__20CM-4-69-9,g__PALSA-600,s__,M35_bin.5,3324,7.370637786,0.842358604,2.466907341,2.61732852,0.150421179,1.293622143,M35_bin.5,0,0.060168472,0.120336943,0,0.090252708,0.270758123,0.210589651
M36_bin.11,0,1,0.272729141,Maize,Proteobacteria_Maize,1542,21.6,5.92,1.782567,0.639420566,70.30494579,1.622418879,399,0.92975243,4467.586466,5156,15736,d__Bacteria,p__Proteobacteria,Alphaproteobacteria,Sphingomonadales,f__Sphingomonadaceae,g__Sphingomonas_A,s__,M36_bin.11,2016,5.009920635,0.54563492,1.537698413,1.785714285,0.049603175,1.091269842,M36_bin.11,0,0.099206349,0.198412698,0,0.049603175,0.347222222,0.099206349
M36_bin.24,0,1,-0.980888916,Maize,Proteobacteria_Maize,1542,21.6,5.92,2.847044,0.69725582,76.6802168,1.321138211,374,0.928008138,7612.417112,9552,33385,d__Bacteria,p__Proteobacteria,Gammaproteobacteria,Burkholderiales,f__Palsa-1005,g__PALSA-1003,s__,M36_bin.24,2847,6.146821215,0.913242009,1.826484019,1.721109941,0.035124693,1.650860556,M36_bin.24,0.351246927,0.561995083,0.52687039,0.316122234,0.070249385,1.826484019,0.421496312
M4_bin.1,1,1,1.272122728,Maize,Actinobacteria_Maize,541,5,5.66,2.52065,0.706037728,92.16954023,4.468390805,154,0.932768929,16367.85714,24317,80106,d__Bacteria,p__Actinobacteriota,Thermoleophilia,20CM-4-69-9,f__20CM-4-69-9,g__Palsa-739,s__,M4_bin.1,2658,7.26109857,1.128668172,2.294958615,2.182091798,0.112866817,1.542513168,M4_bin.1,0,0,0.112866817,0,0,0.112866817,0.188111362
M4_bin.12,0,1,4.278523431,Maize,Gemmatimonadetes_Maize,541,5,5.66,4.013383,0.666212021,93.85908209,3.296703297,516,0.923909829,7777.874031,12486,45430,d__Bacteria,p__Gemmatimonadota,Gemmatimonadetes,Gemmatimonadales,f__Gemmatimonadaceae,g__,s__,M4_bin.12,3607,14.36096479,2.938730247,3.410036042,4.574438592,0.02772387,3.410036041,M4_bin.12,0.526753535,0.471305794,0.582201275,0.277238703,0.304962573,2.16246188,0.637649016
M4_bin.22,0,1,0.306958589,Maize,Proteobacteria_Maize,541,5,5.66,3.632804,0.67727601,93.1342981,1.137440758,128,0.933025013,28381.28125,40341,124524,d__Bacteria,p__Proteobacteria,Gammaproteobacteria,Burkholderiales,f__Palsa-1005,g__PALSA-1003,s__,M4_bin.22,3335,8.365817091,1.289355321,2.128935532,2.368815591,0.029985007,2.548725637,M4_bin.22,0.35982009,0.539730135,0.629685157,0.179910045,0.209895052,1.919040479,0.329835082
M4_bin.4,1,1,1.933055519,Maize,Acidobacteria_Maize,541,5,5.66,4.871605,0.577729311,88.62179487,0.854700855,560,0.890799644,8699.294643,11769,44853,d__Bacteria,p__Acidobacteriota,Acidobacteriae,Acidobacteriales,f__Koribacteraceae,g__Sulfotelmatobacter,s__,M4_bin.4,4395,13.37883959,2.502844141,2.616609784,3.549488055,0,4.709897611,M4_bin.4,0.022753129,0.068259386,0.091012514,0.045506257,0.091012514,0.3185438,0.3185438
M4_bin.8,1,1,1.642722895,Maize,Gemmatimonadetes_Maize,541,5,5.66,3.414265,0.620086607,72.00446612,4.395604396,613,0.923583553,5569.763458,6983,48197,d__Bacteria,p__Gemmatimonadota,Gemmatimonadetes,Gemmatimonadales,f__Gemmatimonadaceae,g__Fen-1247,s__,M4_bin.8,3197,11.97998123,2.471066625,2.783859869,3.7222396,0,3.002815139,M4_bin.8,0.531748514,0.406631217,0.437910541,0.218955271,0.469189865,2.064435408,0.250234595
M5_bin.3,0,1,3.311494555,Maize,Actinobacteria_Maize,411,5.2,8.3,5.964906,0.718194553,89.46208113,2.001763668,1009,0.889319798,5911.700694,7742,68557,d__Bacteria,p__Actinobacteriota,Actinobacteria,Streptosporangiales,f__Streptosporangiaceae,g__Thermomonospora_B,s__,M5_bin.3,5904,11.51761518,2.100271003,2.896341463,3.844850949,0.118563686,2.557588076,M5_bin.3,0.067750678,0.372628726,0.558943089,0.203252033,0.27100271,1.473577236,0.54200542
M6_bin.10,0,1,1.438780936,Maize,Proteobacteria_Maize,577,9.4,7.66,2.256268,0.653199443,96.8557254,2.669616519,127,0.927790493,17765.88976,28885,77983,d__Bacteria,p__Proteobacteria,Alphaproteobacteria,Sphingomonadales,f__Sphingomonadaceae,g__Sphingomonas_A,s__,M6_bin.10,2326,5.846947549,0.773860706,1.719690456,1.762682718,0.128976784,1.461736887,M6_bin.10,0.042992261,0.128976784,0.085984523,0,0.171969046,0.429922614,0.042992261
M6_bin.11,0,1,2.583278904,Maize,Proteobacteria_Maize,577,9.4,7.66,3.39005,0.633762334,96.32810307,3.215775502,366,0.903103199,9262.431694,13697,79548,d__Bacteria,p__Proteobacteria,Alphaproteobacteria,Sphingomonadales,f__Sphingomonadaceae,g__Sphingobium,s__,M6_bin.11,3430,7.346938776,1.020408164,1.982507289,2.594752186,0.204081633,1.545189504,M6_bin.11,0.116618076,0.787172012,0.787172012,0.524781341,0.495626822,2.711370263,0.758017493
M6_bin.12,0,1,1.379386158,Maize,Proteobacteria_Maize,577,9.4,7.66,1.926092,0.657214712,76.69779336,2.787610619,183,0.933243583,10525.0929,14151,46497,d__Bacteria,p__Proteobacteria,Alphaproteobacteria,Sphingomonadales,f__Sphingomonadaceae,g__Sphingomonas_A,s__,M6_bin.12,2043,5.286343612,0.832109642,1.566324033,1.908957415,0.146842878,0.832109642,M6_bin.12,0.048947626,0.293685756,0.293685756,0.048947626,0.097895252,0.783162016,0
M6_bin.15,0,1,0.491184869,Maize,Proteobacteria_Maize,577,9.4,7.66,3.476333,0.676441239,84.7569903,2.552822326,636,0.959547891,5465.93239,6730,20373,d__Bacteria,p__Proteobacteria,Gammaproteobacteria,Burkholderiales,f__SG8-39,g__SCGC-AG-212-J23,s__,M6_bin.15,3993,6.636614075,0.901577761,2.078637616,1.978462308,0.07513148,1.602804908,M6_bin.15,0.100175307,0.275482094,0.250438267,0.050087653,0.025043827,0.701227148,0.125219133
M6_bin.19,0,1,1.456105657,Maize,Actinobacteria_Maize,577,9.4,7.66,2.423247,0.725265316,78.29022989,5.675287356,542,0.956235167,4470.935424,5213,32903,d__Bacteria,p__Actinobacteriota,Thermoleophilia,20CM-4-69-9,f__20CM-4-69-9,g__,s__,M6_bin.19,2701,9.477971122,1.592002962,2.887819327,2.554609403,0.148093299,2.29544613,M6_bin.19,0,0.074046649,0.111069974,0,0,0.185116623,0.185116623
M8_bin.11,0,1,1.420704026,Maize,Acidobacteria_Maize,205,8.9,8.37,4.950991,0.55804747,84.79938272,7.916666667,974,0.926108127,5083.152977,5975,24996,d__Bacteria,p__Acidobacteriota,Blastocatellia,Pyrinomonadales,f__Pyrinomonadaceae,g__PSRF01,s__,M8_bin.11,4713,13.64311479,2.821981753,3.24633991,4.731593465,0.021217908,2.821981753,M8_bin.11,0,0.042435816,0.10608954,0.021217908,0.021217908,0.190961172,0.063653724
M8_bin.7,1,1,1.607083116,Maize,Gemmatimonadetes_Maize,205,8.9,8.37,4.211716,0.648702334,95.4045954,6.693306693,305,0.928680614,13808.90492,23765,76389,d__Bacteria,p__Gemmatimonadota,Gemmatimonadetes,RSA9,f__RSA9,g__,s__,M8_bin.7,3848,12.55197505,2.416839917,3.274428275,3.898128899,0.051975052,2.910602911,M8_bin.7,0.077962578,0.12993763,0.103950104,0,0.181912682,0.493762994,0.493762994
M9_bin.10,0,1,2.107350719,Maize,Actinobacteria_Maize,587,12.5,8.05,2.106794,0.671839297,76.94207028,0.854700855,643,0.944022054,3276.506998,3571,14215,d__Bacteria,p__Actinobacteriota,Acidimicrobiia,UBA5794,f__ZC4RG35,g__,s__,M9_bin.10,2438,6.029532404,1.025430681,1.886792452,1.927809679,0.041017227,1.148482362,M9_bin.10,0,0.164068909,0.369155045,0,0.205086136,0.73831009,0.492206727
R1_bin.4,0,1,1.49689444,Rice,Acidobacteria_Rice,553,0.7,5.89,4.741278,0.577638561,74.24738841,2.913105413,1294,0.885392293,3664.047913,4239,37225,d__Bacteria,p__Acidobacteriota,Acidobacteriae,Acidobacteriales,f__Koribacteraceae,g__Sulfotelmatobacter,s__,R1_bin.4,4803,12.5130127,2.331875911,2.581719758,3.268790339,0,4.330626692,R1_bin.4,0.041640641,0.083281283,0.104101603,0,0.104101603,0.33312513,0.353945451
R10_bin.4,0,1,0.472903087,Rice,Acidobacteria_Rice,585,14.7,8.34,5.399616,0.56186088,86.18233618,8.701329535,1041,0.918014911,5186.951009,6604,27337,d__Bacteria,p__Acidobacteriota,Blastocatellia,Pyrinomonadales,f__Pyrinomonadaceae,g__PSRF01,s__,R10_bin.4,4955,13.25933401,2.684157416,3.067608477,4.419778002,0.060544904,3.027245207,R10_bin.4,0.020181635,0.040363269,0.181634712,0,0.020181635,0.262361251,0.141271443
R12_bin.14,0,1,-3.452346082,Rice,Proteobacteria_Rice,510,13.4,7.78,3.186333,0.659509537,82.28599179,6.04020979,780,0.916988275,4085.042308,4782,25715,d__Bacteria,p__Proteobacteria,Alphaproteobacteria,Rhodobacterales,f__Rhodobacteraceae,g__Tabrizicola,s__,R12_bin.14,3649,6.27569197,1.096190736,1.863524252,1.425047959,0.082214305,1.808714716,R12_bin.14,0.383666758,0.5206906,0.630309674,0.493285832,0.548095369,2.576048233,0.465881063
R13_bin.12,0,1,-1.840299384,Rice,Proteobacteria_Rice,1311,16.7,5.07,3.429537,0.685014916,85.02264493,6.294283414,624,0.927365706,5496.052885,6685,39281,d__Bacteria,p__Proteobacteria,Gammaproteobacteria,Steroidobacterales,f__Steroidobacteraceae,g__13-2-20CM-66-19,s__,R13_bin.12,3448,8.961716937,1.363109049,2.436194895,3.0162413,0.116009281,2.030162413,R13_bin.12,0.05800464,0.174013921,0.319025522,0.02900232,0,0.580046403,0.174013921
R15_bin.20,0,1,-1.406078235,Rice,Gemmatimonadetes_Rice,944,15.5,5.6,2.63992,0.69918293,71.72925114,1.748251748,404,0.949770448,6534.455446,8254,31727,d__Bacteria,p__Gemmatimonadota,Gemmatimonadetes,Gemmatimonadales,f__GWC2-71-9,g__,s__,R15_bin.20,2675,11.77570093,2.093457944,2.915887851,4.29906542,0,2.46728972,R15_bin.20,0,0.037383178,0.112149533,0.037383178,0.074766355,0.261682244,0.261682243
R15_bin.22,0,1,0.677928603,Rice,Proteobacteria_Rice,944,15.5,5.6,1.776222,0.639426828,71.32772095,0.958702065,411,0.930683777,4321.708029,5129,19172,d__Bacteria,p__Proteobacteria,Alphaproteobacteria,Sphingomonadales,f__Sphingomonadaceae,g__Sphingomonas_A,s__,R15_bin.22,2036,5.157170923,0.834970531,1.620825148,1.473477406,0.049115914,1.178781926,R15_bin.22,0.098231827,0.098231827,0.147347741,0,0.049115914,0.392927309,0
R17_bin.10,0,1,-1.272039204,Rice,Acidobacteria_Rice,841,15.9,6.52,6.119554,0.571546227,97.57834758,5.608974359,488,0.871576262,12540.06967,23441,97327,d__Bacteria,p__Acidobacteriota,Acidobacteriae,Acidobacteriales,f__Koribacteraceae,g__TOLSYN,s__,R17_bin.10,5254,10.71564522,1.808146174,2.740768938,2.64560335,0.019033118,3.502093643,R17_bin.10,0.209364294,0.304529882,0.323563,0.228397411,0.304529882,1.370384469,0.590026646
R17_bin.13,1,1,-1.183696008,Rice,Acidobacteria_Rice,841,15.9,6.52,5.997741,0.571344445,95.91642925,1.816239316,206,0.881854351,29115.24757,51546,177264,d__Bacteria,p__Acidobacteriota,Acidobacteriae,Acidobacteriales,f__Koribacteraceae,g__Sulfotelmatobacter,s__,R17_bin.13,4959,13.40996169,2.52066949,2.702157693,3.811252269,0.020165356,4.355716878,R17_bin.13,0.080661424,0.10082678,0.10082678,0,0.060496068,0.342811052,0.322645695
R17_bin.2,0,1,-1.304846961,Rice,Gemmatimonadetes_Rice,841,15.9,6.52,5.760556,0.647055076,87.73481421,7.842157842,1080,0.921736548,5333.848148,6664,33917,d__Bacteria,p__Gemmatimonadota,Gemmatimonadetes,Gemmatimonadales,f__Gemmatimonadaceae,g__AG2,s__,R17_bin.2,5302,14.82459449,3.451527725,3.07431158,4.300264052,0,3.998491135,R17_bin.2,0.320633723,0.320633723,0.471520181,0.188608072,0.33949453,1.640890229,0.54696341
R17_bin.21,0,1,0.116061098,Rice,Proteobacteria_Rice,841,15.9,6.52,2.634211,0.638489096,92.01126307,3.112094395,426,0.918615859,6183.593897,8261,45179,d__Bacteria,p__Proteobacteria,Alphaproteobacteria,Sphingomonadales,f__Sphingomonadaceae,g__Sphingomonas_A,s__,R17_bin.21,2838,5.426356589,0.775193799,1.585623678,1.691331923,0.070472163,1.303735024,R17_bin.21,0.035236082,0.140944327,0.176180409,0,0.035236082,0.3875969,0.070472163
R17_bin.22,1,1,-0.923183972,Rice,Proteobacteria_Rice,841,15.9,6.52,3.957595,0.685558527,92.34517303,8.035056045,1003,0.911724924,3945.757727,4474,27288,d__Bacteria,p__Proteobacteria,Gammaproteobacteria,Burkholderiales,f__Palsa-1005,g__PALSA-1003,s__,R17_bin.22,4136,6.866537718,1.233075435,1.789168279,1.982591876,0.02417795,1.837524177,R17_bin.22,0.362669246,0.411025145,0.580270793,0.314313346,0.120889749,1.789168279,0.459381044
R17_bin.28,1,1,-1.312367866,Rice,Gemmatimonadetes_Rice,841,15.9,6.52,3.249122,0.699746885,95.53975436,3.296703297,226,0.951538908,14376.64602,24633,97293,d__Bacteria,p__Gemmatimonadota,Gemmatimonadetes,Gemmatimonadales,f__GWC2-71-9,g__,s__,R17_bin.28,3077,11.82970426,2.144946376,2.892427689,4.419889503,0,2.372440688,R17_bin.28,0,0.032499188,0.12999675,0.032499188,0.12999675,0.324991876,0.194995125
R17_bin.6,0,1,-0.791990114,Rice,Proteobacteria_Rice,841,15.9,6.52,4.91901,0.690375096,96.5509711,3.991328577,346,0.943646181,14216.79191,22089,75617,d__Bacteria,p__Proteobacteria,Gammaproteobacteria,Burkholderiales,f__UKL13-2,g__GR16-43,s__,R17_bin.6,4608,8.224826389,1.627604167,2.170138888,2.5390625,0.086805556,1.801215278,R17_bin.6,0.542534722,0.434027778,0.5859375,0.390625,0.260416667,2.213541667,0.390625
R17_bin.8,0,1,-0.887419381,Rice,Proteobacteria_Rice,841,15.9,6.52,3.669313,0.71287459,78.62068966,1.724137931,797,0.931319296,4603.905897,5680,21017,d__Bacteria,p__Proteobacteria,Gammaproteobacteria,Burkholderiales,f__Burkholderiaceae,g__,s__,R17_bin.8,3913,6.618962433,0.996677742,1.814464606,1.993355482,0.102223358,1.712241248,R17_bin.8,0.562228469,0.51111679,0.792231025,0.306670074,0.255558395,2.427804753,0.51111679
R18_bin.11,0,1,-1.291282563,Rice,Proteobacteria_Rice,1471,17.8,5.81,3.272257,0.684747561,87.51548702,2.980059572,349,0.950968093,9376.094556,12876,60190,d__Bacteria,p__Proteobacteria,Gammaproteobacteria,Burkholderiales,f__SG8-39,g__SG8-39,s__,R18_bin.11,3451,6.288032454,1.101130107,2.057374673,2.086351782,0.115908432,0.927267458,R18_bin.11,0.202839757,0.60851927,0.811359026,0.057954216,0.14488554,1.825557809,0.057954216
R18_bin.15,0,1,-3.184082712,Rice,Acidobacteria_Rice,1471,17.8,5.81,2.928911,0.709936219,71.98361823,4.558404558,892,0.95043721,3283.532511,3651,13435,d__Bacteria,p__Acidobacteriota,Thermoanaerobaculia,UBA5066,f__UBA5066,g__Fen-183,s__,R18_bin.15,2941,16.72900374,3.876232574,3.876232574,5.848350901,0.06800408,3.060183612,R18_bin.15,0.442026522,0.442026522,0.544032642,0.13600816,0.272016321,1.836110167,0.238014281
R19_bin.2,0,1,-1.585794756,Rice,Gemmatimonadetes_Rice,1564,16.7,5.2,2.949626,0.711394597,89.92673993,5.044955045,623,0.936993707,4734.552167,5904,29818,d__Bacteria,p__Gemmatimonadota,Gemmatimonadetes,Gemmatimonadales,f__GWC2-71-9,g__,s__,R19_bin.2,3076,9.362808843,1.788036411,2.600780235,3.315994799,0,1.6579974,R19_bin.2,0.065019506,0.032509753,0.097529259,0.032509753,0.097529259,0.32509753,0.195058518
R19_bin.6,0,1,0.737151467,Rice,Proteobacteria_Rice,1564,16.7,5.2,2.457117,0.654446247,81.02372795,7.371398716,664,0.93951448,3700.47741,4165,18569,d__Bacteria,p__Proteobacteria,Gammaproteobacteria,Xanthomonadales,f__Rhodanobacteraceae,g__Rudaea,s__,R19_bin.6,2642,10.21953066,2.233156699,2.838758517,3.444360333,0.037850114,1.665404995,R19_bin.6,0.605601817,0.681302044,0.681302044,0.64345193,0.416351249,3.028009084,0.302800908
R21_bin.7,0,1,-2.60847085,Rice,Proteobacteria_Rice,1713,17.6,5.4,2.356177,0.613489564,84.13043478,3.085638999,312,0.927577173,7551.849359,9538,45356,d__Bacteria,p__Proteobacteria,Alphaproteobacteria,UBA1301,f__UBA1301,g__UBA6038,s__,R21_bin.7,2459,5.734038227,0.772671818,1.46400976,2.19601464,0.325335502,0.976006507,R21_bin.7,0.325335502,0.854005693,1.179341196,0.447336316,0.36600244,3.172021147,0.162667751
R21_bin.9,0,1,-1.600853437,Rice,Gemmatimonadetes_Rice,1713,17.6,5.4,2.124947,0.714782533,80.83485142,2.262443439,433,0.94491392,4907.498845,5524,23857,d__Bacteria,p__Gemmatimonadota,Gemmatimonadetes,Gemmatimonadales,f__GWC2-71-9,g__,s__,R21_bin.9,2249,9.026233882,1.645175633,2.623388173,3.112494443,0,1.645175634,R21_bin.9,0.044464206,0.088928413,0.088928413,0.044464206,0.133392619,0.400177857,0.177856825
R25_bin.17,0,1,-1.350001032,Rice,Acidobacteria_Rice,1056,16.6,7.2,5.717468,0.567509079,72.91073124,5.128205128,1399,0.882071399,4086.824875,4648,19690,d__Bacteria,p__Acidobacteriota,Blastocatellia,UBA7656,f__UBA7656,g__,s__,R25_bin.17,5159,16.37914324,3.682884279,3.663500679,5.815080442,0.058150804,3.15952704,R25_bin.17,0.058150804,0.077534406,0.174452413,0.019383601,0.038767203,0.368288427,0.213219616
R26_bin.13,0,1,-2.009048965,Rice,Proteobacteria_Rice,1085,17.9,6.75,3.102073,0.706800904,84.44101509,7.757201646,594,0.929924924,5222.345118,6747,26323,d__Bacteria,p__Proteobacteria,Gammaproteobacteria,Burkholderiales,f__Burkholderiaceae,g__,s__,R26_bin.13,3224,5.769230769,0.837468983,1.861042184,1.581885856,0.062034739,1.426799008,R26_bin.13,0.837468983,0.775434243,1.054590571,0.527295285,0.403225806,3.598014888,0.403225806
R26_bin.5,0,1,0,Rice,Acidobacteria_Rice,1085,17.9,6.75,3.16929,0.541421265,82.90598291,3.4662868,522,0.915869485,6071.436782,7667,21770,d__Bacteria,p__Acidobacteriota,Blastocatellia,Pyrinomonadales,f__Pyrinomonadaceae,g__OLB17,s__,R26_bin.5,3057,12.33235198,2.780503762,3.238469088,4.41609421,0.032711809,1.864573111,R26_bin.5,0,0.032711809,0.032711809,0.032711809,0,0.098135427,0.032711809
R26_bin.9,0,1,-0.88480309,Rice,Proteobacteria_Rice,1085,17.9,6.75,2.027676,0.618020335,88.15634218,2.994291844,284,0.931215835,7139.704225,9066,47470,d__Bacteria,p__Proteobacteria,Alphaproteobacteria,Sphingomonadales,f__Sphingomonadaceae,g__Sphingomonas_A,s__,R26_bin.9,2165,5.866050808,0.739030023,2.032332564,1.755196305,0.092378753,1.247113164,R26_bin.9,0.092378753,0.184757506,0.138568129,0.046189376,0.138568129,0.600461893,0.046189376
R33_bin.4,0,1,-2.065508005,Rice,Acidobacteria_Rice,1869,22,6.05,3.72303,0.69037585,70.38936372,6.25,1293,0.932298961,2879.37355,2954,27606,d__Bacteria,p__Acidobacteriota,Vicinamibacteria,Vicinamibacterales,f__,g__,s__,R33_bin.4,3812,15.00524659,3.121720881,2.78069255,4.564533054,0.052465897,4.485834208,R33_bin.4,0.078698846,0.131164743,0.104931794,0.052465897,0.314795383,0.682056663,0.36726128
R34_bin.14,0,1,-0.119259558,Rice,Proteobacteria_Rice,1686,22.8,5.46,2.790731,0.702658551,71.49273346,2.516233766,724,0.906647756,3854.600829,4441,19202,d__Bacteria,p__Proteobacteria,Alphaproteobacteria,Caulobacterales,f__Caulobacteraceae,g__Palsa-881,s__,R34_bin.14,3003,7.192807193,0.965700965,2.031302031,2.131202131,0.266400266,1.798201799,R34_bin.14,0.432900433,0.732600733,0.899100899,0.3996004,0.366300366,2.830502831,0.2997003
R34_bin.18,0,1,-2.58874535,Rice,Proteobacteria_Rice,1686,22.8,5.46,3.205272,0.614770915,94.79710145,4.60888387,613,0.916787717,5228.828711,6626,26516,d__Bacteria,p__Proteobacteria,Alphaproteobacteria,UBA1301,f__UBA1301,g__UBA6038,s__,R34_bin.18,3390,6.135693215,0.973451327,1.592920354,2.03539823,0.353982301,1.179941003,R34_bin.18,0.265486726,0.737463127,0.943952802,0.442477876,0.471976401,2.861356932,0.265486726
R34_bin.19,0,1,-2.782751461,Rice,Proteobacteria_Rice,1686,22.8,5.46,3.131244,0.607020085,87.95783926,5.459815547,337,0.915445427,9291.525223,13644,56702,d__Bacteria,p__Proteobacteria,Alphaproteobacteria,UBA1301,f__UBA1301,g__UBA6038,s__,R34_bin.19,3153,6.787186806,0.856327307,1.839517919,2.50555027,0.285442436,1.300348874,R34_bin.19,0.222010783,0.602600698,0.792895655,0.317158262,0.285442436,2.220107834,0.190294957
R34_bin.2,1,1,-2.981591316,Rice,Acidobacteria_Rice,1686,22.8,5.46,3.221191,0.669043531,87.62464387,3.94705603,862,0.919664186,3736.88051,4314,18873,d__Bacteria,p__Acidobacteriota,Thermoanaerobaculia,UBA5066,f__Gp7-AA6,g__,s__,R34_bin.2,3273,13.2294531,3.085853956,2.841429882,5.25511763,0.091659028,1.955392607,R34_bin.2,0.122212038,0.274977085,0.366636114,0.152765047,0.305530095,1.222120379,0.122212038
R34_bin.21,0,1,-3.701787202,Rice,Proteobacteria_Rice,1686,22.8,5.46,2.657866,0.642225003,87.75372395,7.379412936,604,0.886486,4400.440397,5316,34871,d__Bacteria,p__Proteobacteria,Gammaproteobacteria,Pseudomonadales,f__Moraxellaceae,g__,s__,R34_bin.21,2569,6.850914753,0.934215648,2.101985208,2.296613468,0.19462826,1.323472168,R34_bin.21,0.350330868,0.544959128,0.856364344,0.622810432,0.467107824,2.841572596,0.116776956
R34_bin.24,0,1,-2.589437623,Rice,Acidobacteria_Rice,1686,22.8,5.46,2.765377,0.612675595,81.57644824,0.854700855,185,0.887493098,14947.98378,22371,76810,d__Bacteria,p__Acidobacteriota,Acidobacteriae,Acidobacteriales,f__Koribacteraceae,g__,s__,R34_bin.24,2464,7.386363636,1.582792208,1.74512987,1.501623377,0,2.556818182,R34_bin.24,0.202922078,0.162337662,0.202922078,0.202922078,0.162337662,0.933441558,0.202922078
R35_bin.10,0,1,1.000626049,Rice,Actinobacteria_Rice,1320,25.7,6.26,2.932045,0.679814941,92.72884283,3.493708364,299,0.933889146,9806.170569,14407,53933,d__Bacteria,p__Actinobacteriota,Actinobacteria,Propionibacteriales,f__Nocardioidaceae,g__,s__,R35_bin.10,2930,6.450511945,1.09215017,1.979522185,1.911262798,0.136518771,1.331058019,R35_bin.10,0,0.341296928,0.648464164,0.273037543,0.23890785,1.501706485,0.443686007
R35_bin.12,0,1,0.502293776,Rice,Proteobacteria_Rice,1320,25.7,6.26,3.607662,0.692960427,75.34482759,3.448275862,520,0.901189746,6937.811538,9940,39230,d__Bacteria,p__Proteobacteria,Gammaproteobacteria,Xanthomonadales,f__Rhodanobacteraceae,g__Rhodanobacter,s__,R35_bin.12,3524,9.506242906,1.418842224,2.752553915,3.064699204,0.056753689,2.213393871,R35_bin.12,0.425652667,0.681044268,0.595913734,0.454029512,0.368898978,2.525539159,0.595913734
R35_bin.17,0,1,0.259509064,Rice,Proteobacteria_Rice,1320,25.7,6.26,2.377288,0.659089265,83.07704095,6.312684366,534,0.935770929,4451.850187,5273,40149,d__Bacteria,p__Proteobacteria,Alphaproteobacteria,Sphingomonadales,f__Sphingomonadaceae,g__Sphingomonas_A,s__,R35_bin.17,2665,6.716697936,1.013133208,1.726078799,1.463414635,0.075046904,2.43902439,R35_bin.17,0.075046904,0.112570356,0.037523452,0.037523452,0.150093809,0.412757973,0.225140713
R35_bin.7,1,1,1.011510742,Rice,Actinobacteria_Rice,1320,25.7,6.26,3.876559,0.725993852,93.48013817,8.644214162,530,0.928966127,7314.262264,9785,33437,d__Bacteria,p__Actinobacteriota,Actinobacteria,Propionibacteriales,f__Nocardioidaceae,g__,s__,R35_bin.7,4047,6.548060292,1.210773412,2.100321225,1.65554732,0.098838646,1.482579688,R35_bin.7,0,0.247096615,0.518902891,0.148257969,0.123548307,1.037805782,0.321225599
R36_bin.12,1,1,-0.598434942,Rice,Acidobacteria_Rice,1542,21.6,5.38,3.090642,0.524105995,80.6362773,4.326923077,729,0.912646628,4239.563786,4848,19904,d__Bacteria,p__Acidobacteriota,Blastocatellia,Pyrinomonadales,f__Pyrinomonadaceae,g__,s__,R36_bin.12,3097,11.39812722,2.421698417,2.680012916,3.584113658,0.064578624,2.647723603,R36_bin.12,0,0.032289312,0.032289312,0.096867937,0,0.161446561,0.064578624
R36_bin.23,0,1,0.192761841,Rice,Proteobacteria_Rice,1542,21.6,5.38,2.428504,0.638372018,85.09711527,4.896755162,440,0.921336757,5519.327273,7019,34127,d__Bacteria,p__Proteobacteria,Alphaproteobacteria,Sphingomonadales,f__Sphingomonadaceae,g__Sphingomonas_A,s__,R36_bin.23,2667,6.336707912,0.97487814,1.837270341,1.987251594,0.074990626,1.462317211,R36_bin.23,0.037495313,0.187476565,0.187476565,0,0.037495313,0.449943756,0.074990626
R36_bin.24,0,1,-1.047932349,Rice,Proteobacteria_Rice,1542,21.6,5.38,3.461346,0.695241967,94.70469863,5.516613455,532,0.923562683,6506.289474,8829,38513,d__Bacteria,p__Proteobacteria,Gammaproteobacteria,Burkholderiales,f__Palsa-1005,g__PALSA-1003,s__,R36_bin.24,3491,6.187338871,1.002578058,1.747350328,1.804640504,0.028645087,1.604124893,R36_bin.24,0.315095961,0.572901747,0.54425666,0.257805786,0.229160699,1.919220853,0.401031223
R36_bin.30,1,1,-0.754675048,Rice,Proteobacteria_Rice,1542,21.6,5.38,4.884663,0.597154399,90.48604349,5.920118911,668,0.847374118,7312.36976,9714,83199,d__Bacteria,p__Proteobacteria,Alphaproteobacteria,Rhizobiales,f__Xanthobacteraceae,g__Pseudolabrys,s__,R36_bin.30,4855,5.334706488,0.762100927,1.812564367,1.421215243,0.041194645,1.297631309,R36_bin.30,0.308959835,0.556127703,0.741503605,0.329557158,0.329557158,2.265705459,0.164778579
R5_bin.14,1,1,-0.61968133,Rice,Acidobacteria_Rice,411,5.2,9.13,4.905932,0.563355138,96.24881292,1.709401709,135,0.897919294,36340.23704,55441,129965,d__Bacteria,p__Acidobacteriota,Blastocatellia,Pyrinomonadales,f__Pyrinomonadaceae,g__PSRF01,s__,R5_bin.14,3925,12.78980892,2.700636942,3.057324841,4.203821655,0.127388535,2.700636942,R5_bin.14,0.025477707,0.050955414,0.076433121,0,0,0.152866242,0
R5_bin.19,0,1,0,Rice,Actinobacteria_Rice,411,5.2,9.13,2.570134,0.627065359,71.04463438,1.377018044,754,0.924910919,3408.665782,3769,14794,d__Bacteria,p__Actinobacteriota,Acidimicrobiia,UBA5794,f__ZC4RG35,g__SZUA-217,s__,R5_bin.19,2919,6.063720452,1.336073998,1.712915382,1.849948613,0.068516615,1.096265845,R5_bin.19,0,0.102774923,0.171291538,0.034258308,0.205549846,0.513874615,0.239808153
R5_bin.9,0,1,1.148586099,Rice,Proteobacteria_Rice,411,5.2,9.13,1.97468,0.647914092,73.96046431,2.374631268,326,0.918093058,6057.300613,7542,43652,d__Bacteria,p__Proteobacteria,Alphaproteobacteria,Sphingomonadales,f__Sphingomonadaceae,g__Sphingomonas_A,s__,R5_bin.9,2244,6.32798574,1.069518716,1.604278075,2.272727273,0.178253119,1.203208556,R5_bin.9,0.04456328,0.08912656,0.13368984,0,0.267379679,0.534759359,0.311942959
R7_bin.1,0,1,0.493087231,Rice,Proteobacteria_Rice,631,12.3,8.06,2.569011,0.645550369,98.70340574,1.224380339,123,0.922850077,20886.26829,44700,139946,d__Bacteria,p__Proteobacteria,Alphaproteobacteria,Sphingomonadales,f__Sphingomonadaceae,g__Sphingomonas_A,s__,R7_bin.1,2642,6.283118849,0.757002271,2.006056018,2.119606359,0.113550341,1.286903861,R7_bin.1,0.075700227,0.227100681,0.113550341,0,0.189250568,0.605601817,0.227100681
R7_bin.11,0,1,-0.810303824,Rice,Gemmatimonadetes_Rice,631,12.3,8.06,2.881542,0.732067414,88.64370923,6.043956044,275,0.938781736,10478.33455,15716,57065,d__Bacteria,p__Gemmatimonadota,Gemmatimonadetes,Gemmatimonadales,f__GWC2-71-9,g__,s__,R7_bin.11,2735,13.19926874,2.925045704,3.40036563,5.009140768,0,1.864716636,R7_bin.11,0.036563071,0.073126143,0.182815356,0,0.182815356,0.475319926,0.036563071
R7_bin.19,0,1,-0.065709093,Rice,Proteobacteria_Rice,631,12.3,8.06,2.211991,0.620348365,79.84111022,3.539823009,338,0.925974382,6544.352071,8694,29934,d__Bacteria,p__Proteobacteria,Alphaproteobacteria,Sphingomonadales,f__Sphingomonadaceae,g__Sphingomonas_A,s__,R7_bin.19,2389,6.027626622,0.627877773,2.092925911,1.799916282,0.209292591,1.297614065,R7_bin.19,0,0.167434073,0.125575555,0.041858518,0.251151109,0.586019255,0.083717036
R7_bin.5,1,1,-2.565729277,Rice,Proteobacteria_Rice,631,12.3,8.06,2.938054,0.661595736,79.88023349,5.027173913,651,0.929744314,4513.139785,5477,21249,d__Bacteria,p__Proteobacteria,Gammaproteobacteria,Xanthomonadales,f__SZUA-36,g__,s__,R7_bin.5,3048,7.447506562,1.476377953,2.16535433,2.034120735,0.065616798,1.706036746,R7_bin.5,0.196850394,0.426509186,0.524934383,0.295275591,0.262467192,1.706036746,0.524934383
R7_bin.8,0,1,-0.245926881,Rice,Proteobacteria_Rice,631,12.3,8.06,2.386403,0.659249506,77.08591943,2.05371248,164,0.957552014,14551.2378,20287,77449,d__Bacteria,p__Proteobacteria,Gammaproteobacteria,Burkholderiales,f__SG8-39,g__SCGC-AG-212-J23,s__,R7_bin.8,2545,6.247544204,0.707269155,2.239685658,1.886051081,0.117878193,1.296660118,R7_bin.8,0.117878193,0.275049116,0.353634578,0,0.117878193,0.86444008,0.275049116
R8_bin.5,0,1,0.424356819,Rice,Proteobacteria_Rice,205,8.9,8.44,3.88912,0.659574402,90.14118793,2.132701422,604,0.952606502,6438.940397,8489,37835,d__Bacteria,p__Proteobacteria,Gammaproteobacteria,Burkholderiales,f__SG8-39,g__SCGC-AG-212-J23,s__,R8_bin.5,4340,7.142857143,1.059907835,2.027649769,2.465437788,0.115207373,1.474654378,R8_bin.5,0.115207373,0.161290323,0.184331797,0,0.184331797,0.64516129,0.161290323
R9_bin.14,0,1,-3.299201289,Rice,Proteobacteria_Rice,587,12.5,8.38,3.419894,0.630472757,88.07003686,5.201986008,495,0.907033083,6908.876768,9434,43068,d__Bacteria,p__Proteobacteria,Gammaproteobacteria,Burkholderiales,f__SG8-41,g__Ga0077527,s__,R9_bin.14,3620,5.497237569,1.077348067,1.436464088,1.82320442,0.055248619,1.104972376,R9_bin.14,0.497237569,0.662983425,0.856353591,0.276243094,0.248618785,2.541436464,0.165745856
R9_bin.19,0,1,-2.156949256,Rice,Proteobacteria_Rice,587,12.5,8.38,2.437782,0.698488216,80.41694911,4.834875265,473,0.929807095,5153.87315,6363,33292,d__Bacteria,p__Proteobacteria,Gammaproteobacteria,Steroidobacterales,f__Steroidobacteraceae,g__SG8-30,s__,R9_bin.19,2482,7.937147462,1.289282836,2.215954875,2.61885576,0.080580177,1.732473812,R9_bin.19,0.120870266,0.362610798,0.564061241,0.28203062,0.402900886,1.732473811,0.241740532
R9_bin.7,1,1,-0.354434753,Rice,Proteobacteria_Rice,587,12.5,8.38,2.214747,0.625992946,87.97360457,8.532448378,486,0.927347909,4557.092593,5606,24165,d__Bacteria,p__Proteobacteria,Alphaproteobacteria,Sphingomonadales,f__Sphingomonadaceae,g__Sphingomonas_A,s__,R9_bin.7,2540,5.078740157,0.590551181,1.929133858,1.653543307,0.118110236,0.787401574,R9_bin.7,0.039370079,0.118110236,0.118110236,0.078740157,0.196850394,0.551181102,0.078740157
