Bins,16SRNA,Newly identified,Log2FoldChange,Samples,Habitat,MAP,MAT,pH,Genome size (Mb),GC,Completeness,Contamination,scaffolds,Coding.density,Mean.contig.length,N50,Longest.scaffold,Domain,Phylum,Class,Order,Family,Genus,Species,name_bins,Gene_num,Polymer ratio,Cellulose,Chitin,Xylan,Pectin,Hemicellulose,CAZy ratio,polymer/cazy
M1_bin.1,0,1,1.94065952,M1,Maize,553,0.7,5.07,4.828733,0.576875342,83.99216524,3.58974359,619,0.886614977,7800.861066,9450,47992,d__Bacteria,p__Acidobacteriota,Acidobacteriae,Acidobacteriales,f__Koribacteraceae,g__Sulfotelmatobacter,s__,M1_bin.1,4439,12.97589547,2.342870016,2.478035594,3.446722234,0,4.708267628,16.76053165,0.774193548
M1_bin.10,0,1,1.316136834,M1,Maize,553,0.7,5.07,2.868338,0.694621415,76.31661442,4.310344828,380,0.901327877,7548.257895,10492,52308,d__Bacteria,p__Proteobacteria,Gammaproteobacteria,Xanthomonadales,f__Rhodanobacteraceae,g__Frateuria_A,s__,M1_bin.10,2838,9.901338971,1.338971106,2.748414376,3.100775194,0.035236082,2.677942213,16.2085976,0.610869565
M1_bin.11,0,1,1.824347587,M1,Maize,553,0.7,5.07,4.611768,0.34973637,97.56978654,3.393541325,532,0.900501283,8668.736842,12555,56877,d__Bacteria,p__Bacteroidota,Bacteroidia,Chitinophagales,f__Chitinophagaceae,g__Parafilimonas,s__,M1_bin.11,4185,14.64755078,2.246117085,2.7479092,4.731182796,0.119474313,4.802867383,18.66188769,0.784891166
M1_bin.15,0,1,1.423630152,M1,Maize,553,0.7,5.07,3.65601,0.686280672,88.84350943,2.597402597,699,0.917402578,5230.343348,6819,58384,d__Bacteria,p__Gemmatimonadota,Gemmatimonadetes,Gemmatimonadales,f__Gemmatimonadaceae,g__,s__,M1_bin.15,3520,12.52840909,2.471590909,3.181818182,3.295454545,0.056818182,3.522727273,17.27272727,0.725328947
M1_bin.19,0,1,0.167367697,M1,Maize,553,0.7,5.07,3.033102,0.70580119,79.10324969,2.197802198,516,0.951677853,5878.104651,7212,44962,d__Bacteria,p__Gemmatimonadota,Gemmatimonadetes,Gemmatimonadales,f__GWC2-71-9,g__,s__,M1_bin.19,3119,12.63225393,2.372555306,3.013786469,5.001603077,0.032061558,2.212247514,16.47964091,0.766536965
M1_bin.20,0,1,-0.026499267,M1,Maize,553,0.7,5.07,3.384384,0.708522733,85.72582289,5.093457944,490,0.943049311,6906.906122,9111,27883,d__Bacteria,p__Proteobacteria,Gammaproteobacteria,Burkholderiales,f__Burkholderiaceae,g__Rhizobacter,s__,M1_bin.20,3433,6.787066706,0.932129332,2.097290999,2.388581416,0.087387125,1.281677833,15.11797262,0.44894027
M1_bin.25,1,1,1.377066783,M1,Maize,553,0.7,5.07,3.55611,0.656392519,81.28734011,4.460245637,643,0.934904151,5530.497667,7127,33353,d__Bacteria,p__Gemmatimonadota,Gemmatimonadetes,Gemmatimonadales,f__Gemmatimonadaceae,g__FEN-1250,s__,M1_bin.25,3548,12.42953777,2.733934611,3.043968434,3.833145435,0,2.818489289,16.82638106,0.738693467
M1_bin.30,0,1,0.64412566,M1,Maize,553,0.7,5.07,3.452309,0.666063785,73.308966,4.714071091,574,0.904844265,6014.47561,7638,27584,d__Bacteria,p__Proteobacteria,Alphaproteobacteria,Rhizobiales,f__Xanthobacteraceae,g__Pseudolabrys,s__,M1_bin.30,3648,4.824561404,0.685307017,1.781798245,1.288377193,0.027412281,1.041666667,14.66557018,0.328971963
M1_bin.31,1,0,-0.996715197,M1,Maize,553,0.7,5.07,2.69567,0.326286229,99.50842697,0.361155698,39,0.839204725,69119.74359,104660,330518,d__Bacteria,p__Firmicutes,Bacilli,Staphylococcales,f__Staphylococcaceae,g__Staphylococcus,s__Staphylococcus aureus,M1_bin.31,2475,7.03030303,0.96969697,2.141414141,1.696969697,0.04040404,2.181818181,14.06060606,0.5
M1_bin.37,0,1,0.850165908,M1,Maize,553,0.7,5.07,4.585272,0.604358258,93.62178689,5.094111969,485,0.872927059,9454.169072,13813,58931,d__Bacteria,p__Proteobacteria,Alphaproteobacteria,Rhizobiales,f__Xanthobacteraceae,g__Bradyrhizobium,s__,M1_bin.37,4507,5.901930331,0.754382072,1.730641224,1.99689372,0.133126248,1.286887064,14.79920124,0.3988006
M1_bin.38,0,0,1.097544923,M1,Maize,553,0.7,5.07,2.349746,0.668100722,75.1601591,5.017006803,680,0.919398522,3455.508824,3808,18147,d__Bacteria,p__Proteobacteria,Alphaproteobacteria,Caulobacterales,f__Caulobacteraceae,g__Brevundimonas,s__Brevundimonas vesicularis,M1_bin.38,2773,6.31085467,1.045798773,1.875225388,1.586729175,0.32455824,1.478543094,12.80201947,0.492957747
M1_bin.5,0,1,0.586863906,M1,Maize,553,0.7,5.07,5.143693,0.655556621,92.5154321,5.128205128,318,0.934310815,16175.13522,24368,95314,d__Bacteria,p__Acidobacteriota,Vicinamibacteria,Vicinamibacterales,f__2-12-FULL-66-21,g__QHWT01,s__,M1_bin.5,4367,16.23540188,3.984428669,3.389054271,4.854591253,0,4.007327684,19.94504236,0.814006889
M10_bin.13,1,1,4.036977625,M10,Maize,585,14.7,7.85,2.635152,0.63156205,91.35802469,2.564102564,308,0.948419294,8555.688312,12723,63585,d__Bacteria,p__Actinobacteriota,Acidimicrobiia,UBA5794,f__,g__,s__,M10_bin.13,2739,6.681270537,1.423877328,1.861993428,1.788974078,0.07301935,1.533406353,12.81489595,0.521367521
M10_bin.14,0,1,0.870529968,M10,Maize,585,14.7,7.85,3.310897,0.66207194,91.00876542,9.161345423,654,0.958890597,5062.533639,6006,29592,d__Bacteria,p__Proteobacteria,Gammaproteobacteria,Burkholderiales,f__SG8-39,g__SCGC-AG-212-J23,s__,M10_bin.14,3832,6.941544885,1.096033403,1.905010439,2.192066806,0.0782881,1.670146137,14.19624217,0.488970588
M10_bin.16,0,1,1.421411111,M10,Maize,585,14.7,7.85,4.724614,0.541266017,84.64157706,7.750128008,1153,0.864674447,4097.670425,4731,16779,d__Bacteria,p__Binatota,Binatia,UBA9968,f__,g__,s__,M10_bin.16,4822,6.408129407,0.933222729,1.721277478,1.576109498,0.020738283,2.156781419,12.69182912,0.504901961
M11_bin.11,0,1,0.39436526,M11,Maize,603,14.9,8.1,2.709659,0.716229976,84.43494777,5.982905983,460,0.931909144,5890.563043,7287,30757,d__Bacteria,p__Actinobacteriota,UBA4738,UBA4738,f__HRBIN12,g__HRBIN12,s__,M11_bin.11,2834,8.57445307,1.764290755,2.505292872,1.764290755,0.035285815,2.505292872,14.2554693,0.601485149
M11_bin.6,0,1,0.104465996,M11,Maize,603,14.9,8.1,2.522274,0.658050632,73.97788799,2.900141349,527,0.953708439,4786.098672,5883,28542,d__Bacteria,p__Proteobacteria,Gammaproteobacteria,Burkholderiales,f__SG8-39,g__SCGC-AG-212-J23,s__,M11_bin.6,2936,6.4373297,0.885558584,2.247956404,2.009536786,0.136239782,1.158038148,13.86239782,0.464373464
M11_bin.7,1,1,0.130588994,M11,Maize,603,14.9,8.1,4.678423,0.387320044,91.60645868,4.187192118,630,0.906894695,7426.068254,10200,50168,d__Bacteria,p__Bacteroidota,Bacteroidia,Chitinophagales,f__Chitinophagaceae,g__UTBCD1,s__,M11_bin.7,4331,15.44677903,2.678365274,2.839990764,4.802586008,0.138536135,4.987300854,17.54791041,0.880263158
M11_bin.8,1,1,1.776707912,M11,Maize,603,14.9,8.1,7.06116,0.447636791,98.80952381,4.017857143,298,0.894383501,23695.16779,38919,160989,d__Bacteria,p__Bacteroidota,Bacteroidia,Cytophagales,f__Cyclobacteriaceae,g__Chryseolinea,s__,M11_bin.8,5768,16.26213592,2.479195562,3.155339805,5.20110957,0.069348128,5.357142858,18.41192788,0.883239171
M11_bin.9,0,1,0.840679529,M11,Maize,603,14.9,8.1,4.463142,0.635710896,82.79320988,8.11965812,474,0.929605646,9415.911392,12228,37405,d__Bacteria,p__Acidobacteriota,Vicinamibacteria,Vicinamibacterales,f__UBA2999,g__,s__,M11_bin.9,4155,14.58483755,2.695547533,2.936221421,5.487364621,0.024067389,3.441636582,17.64139591,0.826739427
M12_bin.3,0,0,0.289686088,M12,Maize,510,13.4,8.25,2.742945,0.326526051,98.19756554,1.095050335,171,0.841019415,16040.61404,29357,114954,d__Bacteria,p__Firmicutes,Bacilli,Staphylococcales,f__Staphylococcaceae,g__Staphylococcus,s__Staphylococcus aureus,M12_bin.3,2682,6.63683818,0.857568978,2.199850858,1.565995527,0.037285608,1.976137211,13.72110365,0.483695652
M12_bin.7,0,1,0,M12,Maize,510,13.4,8.25,1.858821,0.452608939,87.18495935,1.422764228,389,0.920996158,4778.460154,6023,17140,d__Bacteria,p__Proteobacteria,Gammaproteobacteria,Thiomicrospirales,f__Thiomicrospiraceae,g__Thiomicrospira,s__,M12_bin.7,1983,5.748865356,0.806858295,1.966717095,1.815431164,0,1.159858799,13.9183056,0.413043478
M13_bin.10,0,1,0,M13,Maize,1311,16.7,4.64,3.936397,0.559779921,81.26780627,5.199430199,637,0.87862022,6179.587127,7172,40393,d__Bacteria,p__Acidobacteriota,Acidobacteriae,Acidobacteriales,f__Gp1-AA112,g__,s__,M13_bin.10,3530,12.46458924,2.492917847,2.464589236,3.172804532,0.028328612,4.305949009,16.94050992,0.735785953
M13_bin.17,0,1,3.923046596,M13,Maize,1311,16.7,4.64,4.388574,0.624839413,78.32621083,2.564102564,899,0.896915946,4881.617353,5864,23366,d__Bacteria,p__Acidobacteriota,Acidobacteriae,Acidobacteriales,f__Acidobacteriaceae,g__,s__,M13_bin.17,4037,12.83131038,2.477086945,2.427545207,3.864255635,0.049541739,4.012880853,17.58731731,0.729577465
M13_bin.8,0,1,1.439775323,M13,Maize,1311,16.7,4.64,2.220614,0.642474559,80.78046585,6.637168142,486,0.924288057,4569.164609,5404,20018,d__Bacteria,p__Proteobacteria,Alphaproteobacteria,Sphingomonadales,f__Sphingomonadaceae,g__Sphingomonas_A,s__,M13_bin.8,2486,5.872888174,1.126307321,1.448109412,1.206757843,0.080450523,2.011263073,12.6307321,0.464968153
M14_bin.3,0,1,0.11226978,M14,Maize,1326,17.2,5.87,2.040273,0.704947818,75.57471264,7.62800418,362,0.958443306,5636.11326,6532,33634,d__Bacteria,p__Gemmatimonadota,Gemmatimonadetes,Gemmatimonadales,f__GWC2-71-9,g__AG41,s__,M14_bin.3,2248,9.208185053,1.957295373,2.446619218,2.891459075,0,1.912811387,14.3683274,0.640866873
M14_bin.4,0,1,5.835756633,M14,Maize,1326,17.2,5.87,2.032572,0.626910141,84.72624799,7.53321256,340,0.911510146,5978.152941,8098,31505,d__Bacteria,p__Proteobacteria,Gammaproteobacteria,,f__,g__,s__,M14_bin.4,2018,9.365708622,1.288404361,2.279484638,3.121902874,0,2.67591675,15.06442022,0.621710526
M14_bin.6,0,1,6.249623017,M14,Maize,1326,17.2,5.87,2.055522,0.629711577,74.68016736,7.125603865,433,0.905326725,4747.163972,6062,35679,d__Bacteria,p__Proteobacteria,Gammaproteobacteria,,f__,g__,s__,M14_bin.6,2067,11.07885825,2.273826802,2.080309627,2.805999032,0,3.918722787,16.20706338,0.68358209
M15_bin.10,0,1,4.953324021,M15,Maize,944,15.5,6.21,5.415624,0.558415614,88.96367595,9.898648649,892,0.898633472,6071.327354,7468,36873,d__Bacteria,p__Verrucomicrobiota,Verrucomicrobiae,Pedosphaerales,f__Pedosphaeraceae,g__PSRM01,s__,M15_bin.10,4631,16.86460808,3.54135176,3.325415677,4.707406607,0.323904124,4.966529908,21.65838912,0.778664008
M15_bin.3,1,1,1.56653516,M15,Maize,944,15.5,6.21,2.838384,0.695655345,85.22988506,4.915845649,317,0.940132484,8953.892744,13060,40510,d__Bacteria,p__Actinobacteriota,Thermoleophilia,20CM-4-69-9,f__20CM-4-69-9,g__Palsa-739,s__,M15_bin.3,3048,8.628608924,1.377952756,2.329396326,2.854330708,0.098425197,1.968503937,16.99475066,0.507722008
M16_bin.2,0,0,-0.164352215,M16,Maize,1266,17.1,7.15,2.690781,0.325420017,96.10105874,5.049417309,527,0.836560835,5105.8463,6298,38862,d__Bacteria,p__Firmicutes,Bacilli,Staphylococcales,f__Staphylococcaceae,g__Staphylococcus,s__Staphylococcus aureus,M16_bin.2,2830,6.254416961,0.918727915,2.014134275,1.342756183,0.035335689,1.943462898,12.93286219,0.483606557
M17_bin.1,1,1,1.803366112,M17,Maize,841,15.9,5.2,2.57781,0.704926275,90.66091954,1.795977011,207,0.947055446,12453.18841,18008,80341,d__Bacteria,p__Actinobacteriota,Thermoleophilia,20CM-4-69-9,f__20CM-4-69-9,g__Palsa-739,s__,M17_bin.1,2738,8.72899927,1.680058436,2.373995617,2.666179693,0.146092038,1.862673484,16.50840029,0.528761062
M17_bin.13,0,1,3.21398894,M17,Maize,841,15.9,5.2,4.243741,0.667821858,79.32067932,5.494505495,482,0.91273737,8804.441909,12130,58598,d__Bacteria,p__Gemmatimonadota,Gemmatimonadetes,Gemmatimonadales,f__Gemmatimonadaceae,g__,s__,M17_bin.13,3747,11.68935148,2.508673606,2.828929811,3.629570324,0,2.722177742,16.30637844,0.71685761
M17_bin.2,0,1,4.205031053,M17,Maize,841,15.9,5.2,6.246803,0.609084359,98.70689655,4.310344828,51,0.880667599,122486.3333,205749,465341,d__Bacteria,p__Acidobacteriota,Acidobacteriae,Acidobacteriales,f__Acidobacteriaceae,g__Terracidiphilus,s__,M17_bin.2,4777,13.12539251,2.051496755,2.90977601,3.809922547,0.041867281,4.312329914,17.54239062,0.748210024
M17_bin.22,1,1,4.766314601,M17,Maize,841,15.9,5.2,6.983601,0.540693404,94.1543514,3.325123153,741,0.929588188,9424.562753,12834,56020,d__Bacteria,p__Bacteroidota,Bacteroidia,Chitinophagales,f__Chitinophagaceae,g__UBA8621,s__,M17_bin.22,6010,16.28951747,2.362728786,2.595673877,5.091514144,0.133111481,6.106489184,20.59900166,0.790791599
M17_bin.24,0,0,-0.500442161,M17,Maize,841,15.9,5.2,2.848215,0.324273273,96.19533237,4.458382219,405,0.826444633,7032.62963,9618,40181,d__Bacteria,p__Firmicutes,Bacilli,Staphylococcales,f__Staphylococcaceae,g__Staphylococcus,s__Staphylococcus aureus,M17_bin.24,2880,5.694444444,0.798611111,1.909722222,1.25,0.034722222,1.701388889,12.56944444,0.453038674
M17_bin.25,1,1,0,M17,Maize,841,15.9,5.2,6.879944,0.6253157,97.70114943,3.448275862,644,0.874294035,10683.14286,15914,65780,d__Bacteria,p__Planctomycetota,Planctomycetes,Pirellulales,f__PALSA-1355,g__,s__,M17_bin.25,5254,14.63646745,3.330795585,2.417205938,5.005709934,0.038066235,3.84468976,18.29082604,0.800208116
M17_bin.28,0,1,3.378542399,M17,Maize,841,15.9,5.2,4.874196,0.617364997,74.29467085,6.896551724,566,0.883099284,8611.65371,12054,60338,d__Bacteria,p__Proteobacteria,Gammaproteobacteria,Xanthomonadales,f__Rhodanobacteraceae,g__Dyella,s__,M17_bin.28,4362,11.14167813,1.490142136,2.934433745,3.2783127,0.022925264,3.415864282,16.68959193,0.667582418
M17_bin.29,0,1,3.145321897,M17,Maize,841,15.9,5.2,7.019791,0.700815309,92.98449612,4.825270489,1599,0.861528071,4390.113196,5212,26321,d__Bacteria,p__Planctomycetota,Planctomycetes,Isosphaerales,f__Isosphaeraceae,g__,s__,M17_bin.29,5687,17.65429928,4.220151222,3.094777562,6.629154212,0.035167927,3.675048355,18.19940215,0.970048309
M17_bin.31,0,1,1.145464203,M17,Maize,841,15.9,5.2,2.553248,0.702489143,82.54310345,0,163,0.950847313,15664.09816,20998,79771,d__Bacteria,p__Actinobacteriota,Thermoleophilia,20CM-4-69-9,f__20CM-4-69-9,g__Palsa-739,s__,M17_bin.31,2760,9.420289855,1.666666667,2.282608695,2.862318841,0.108695652,2.5,18.51449275,0.508806262
M17_bin.32,0,1,3.716254328,M17,Maize,841,15.9,5.2,2.558741,0.643087753,77.09537468,6.027864044,644,0.911852352,3973.200311,4433,48224,d__Bacteria,p__Proteobacteria,Gammaproteobacteria,,f__,g__,s__,M17_bin.32,2636,7.663125948,1.517450683,2.162367223,2.276176025,0,1.707132018,13.80880121,0.554945055
M17_bin.34,1,1,6.274318843,M17,Maize,841,15.9,5.2,9.439407,0.608196468,88.51786582,3.579241614,810,0.880918579,11653.58889,16979,114463,d__Bacteria,p__Planctomycetota,Planctomycetes,Gemmatales,f__Gemmataceae,g__,s__,M17_bin.34,6834,20.58823529,5.07755341,3.585016097,7.755340943,0.087796313,4.082528534,18.45185836,1.115781126
M17_bin.36,0,1,2.024445975,M17,Maize,841,15.9,5.2,5.937163,0.560413787,88.19444444,4.05982906,326,0.870085089,18212.15644,28044,83822,d__Bacteria,p__Acidobacteriota,Acidobacteriae,Acidobacteriales,f__Koribacteraceae,g__Gp1-AA145,s__,M17_bin.36,4938,11.96840826,2.146618064,2.55164034,3.6654516,0.081004455,3.523693803,17.31470231,0.69122807
M17_bin.43,0,1,3.230595117,M17,Maize,841,15.9,5.2,5.155658,0.596192377,94.61206897,0,63,0.882568045,81835.84127,263368,554897,d__Bacteria,p__Acidobacteriota,Acidobacteriae,Acidobacteriales,f__Acidobacteriaceae,g__Terracidiphilus,s__,M17_bin.43,4243,10.93565873,1.744049022,2.474664152,3.723780345,0.09427292,2.898892293,16.99269385,0.643550624
M17_bin.8,0,1,2.226354832,M17,Maize,841,15.9,5.2,5.149387,0.605375747,71.74829435,7.943469786,1126,0.910047157,4573.167851,5370,24566,d__Bacteria,p__Acidobacteriota,Acidobacteriae,Bryobacterales,f__Bryobacteraceae,g__PSRJ01,s__,M17_bin.8,5123,12.92211595,2.518055826,2.108139762,4.821393715,0.058559438,3.415967207,14.07378489,0.91816921
M17_bin.9,0,1,1.551603971,M17,Maize,841,15.9,5.2,7.42652,0.673506838,83.11827957,4.526369688,1532,0.908923426,4847.597911,5945,23979,d__Bacteria,p__Myxococcota,Polyangia,Polyangiales,f__Polyangiaceae,g__,s__,M17_bin.9,6146,21.80279857,5.369345916,4.246664497,8.769931662,0,3.416856492,18.2883176,1.192170819
M18_bin.8,0,1,4.238781398,M18,Maize,1471,17.8,4.98,2.968011,0.576637688,76.92307692,1.863722697,770,0.897588318,3854.55974,4514,20352,d__Bacteria,p__Acidobacteriota,Acidobacteriae,UBA7541,f__UBA7541,g__,s__,M18_bin.8,2917,11.38155639,2.331162153,2.399725746,2.879670895,0.034281796,3.736715803,15.70106274,0.724890829
M18_bin.9,1,0,-0.311242832,M18,Maize,1471,17.8,4.98,2.716619,0.326986964,98.90761548,1.618946178,151,0.842482512,17990.8543,33994,130313,d__Bacteria,p__Firmicutes,Bacilli,Staphylococcales,f__Staphylococcaceae,g__Staphylococcus,s__Staphylococcus aureus,M18_bin.9,2633,6.456513483,0.949487276,2.012913026,1.481200152,0.037979491,1.974933536,13.5966578,0.474860335
M2_bin.13,0,0,-0.304059146,M2,Maize,623,3.3,4.85,2.682942,0.325511323,95.04772352,0.929904989,292,0.839724079,9188.157534,13248,61800,d__Bacteria,p__Firmicutes,Bacilli,Staphylococcales,f__Staphylococcaceae,g__Staphylococcus,s__Staphylococcus aureus,M2_bin.13,2703,6.400295967,1.072881983,1.923788383,1.442841287,0.03699593,1.923788383,13.2445431,0.483240223
M2_bin.14,0,1,4.639241415,M2,Maize,623,3.3,4.85,2.941155,0.64521285,81.97638951,6.013584117,491,0.897860534,5990.132383,7969,28276,d__Bacteria,p__Proteobacteria,Gammaproteobacteria,Xanthomonadales,f__Rhodanobacteraceae,g__66-474,s__,M2_bin.14,2866,8.722958828,1.011863224,2.547103977,2.791346826,0.034891835,2.337752965,16.18981158,0.538793104
M2_bin.17,0,1,4.76954866,M2,Maize,623,3.3,4.85,3.616341,0.667632007,71.04072398,2.197802198,735,0.90941894,4920.191837,5913,41241,d__Bacteria,p__Gemmatimonadota,Gemmatimonadetes,Gemmatimonadales,f__Gemmatimonadaceae,g__,s__,M2_bin.17,3354,12.79069767,2.742993441,2.83243888,3.637447823,0,3.577817532,16.12999404,0.79297597
M2_bin.2,0,1,1.7034767,M2,Maize,623,3.3,4.85,2.607512,0.713910808,78.44144144,1.392535393,568,0.922441009,4590.690141,5741,24225,d__Bacteria,p__Actinobacteriota,Actinobacteria,Frankiales,f__Frankiaceae,g__,s__,M2_bin.2,2697,9.56618465,1.483129403,2.817945865,2.892102337,0.370782351,2.002224694,17.31553578,0.552462527
M2_bin.20,0,1,3.757968624,M2,Maize,623,3.3,4.85,2.996232,0.652030617,81.42433429,9.225608922,706,0.904845486,4243.954674,5248,41704,d__Bacteria,p__Proteobacteria,Gammaproteobacteria,Xanthomonadales,f__Rhodanobacteraceae,g__66-474,s__,M2_bin.20,3140,8.121019108,1.146496816,2.101910829,2.515923568,0,2.356687898,15.0955414,0.537974684
M2_bin.26,0,1,0,M2,Maize,623,3.3,4.85,4.960138,0.402406344,88.77394636,3.02955665,1142,0.872368874,4343.378284,5141,61271,d__Bacteria,p__Bacteroidota,Bacteroidia,Chitinophagales,f__Chitinophagaceae,g__,s__,M2_bin.26,4590,15.68627451,2.156862745,2.854030501,4.531590415,0.108932462,6.034858389,19.32461874,0.811724915
M2_bin.28,0,1,0,M2,Maize,623,3.3,4.85,3.196088,0.591406119,92.77027027,4.083431257,457,0.907555111,6993.628009,9793,37485,d__Bacteria,p__Verrucomicrobiota,Verrucomicrobiae,Chthoniobacterales,f__UBA10450,g__Palsa-1392,s__,M2_bin.28,3101,8.67462109,1.934859723,2.192841018,2.418574653,0,2.128345695,15.86584973,0.546747967
M2_bin.5,0,1,4.667220759,M2,Maize,623,3.3,4.85,3.122565,0.650502071,90.21223317,5.984507112,659,0.88680652,4738.338392,5983,34923,d__Bacteria,p__Proteobacteria,Gammaproteobacteria,Xanthomonadales,f__Rhodanobacteraceae,g__Rhodanobacter,s__,M2_bin.5,3046,7.058437295,0.886408405,2.495075509,1.936966514,0.032829941,1.707156927,14.54366382,0.485327314
M20_bin.6,0,0,-0.674527144,M20,Maize,1311,16.9,6.88,2.549086,0.328011687,96.54257821,4.645062179,383,0.840463601,6655.577023,9612,44286,d__Bacteria,p__Firmicutes,Bacilli,Staphylococcales,f__Staphylococcaceae,g__Staphylococcus,s__Staphylococcus aureus,M20_bin.6,2574,6.993006993,0.971250971,2.136752136,1.631701632,0.038850039,2.214452214,14.02486402,0.498614959
M20_bin.7,0,1,-0.427231228,M20,Maize,1311,16.9,6.88,3.418139,0.57157974,94.48863636,7.272727273,390,0.879420351,8764.458974,13245,63624,d__Bacteria,p__Nitrospirota,Nitrospiria,Nitrospirales,f__Nitrospiraceae,g__Nitrospira_C,s__,M20_bin.7,3482,6.66283745,1.091326824,1.694428489,2.125215394,0.028719127,1.723147617,14.56059736,0.457593688
M21_bin.10,0,1,1.35183925,M21,Maize,1713,17.6,6.99,5.255447,0.653577707,78.412868,7.318376068,593,0.948147322,8862.473862,12377,66806,d__Bacteria,p__Acidobacteriota,Vicinamibacteria,Vicinamibacterales,f__2-12-FULL-66-21,g__QHWT01,s__,M21_bin.10,4711,17.59711314,3.905752494,3.268945023,5.455317342,0.021226916,4.945871366,19.54998939,0.900108578
M21_bin.5,0,1,1.305844312,M21,Maize,1713,17.6,6.99,6.099113,0.667411147,100,5.175688509,34,0.949135227,179385.6765,372603,1442042,d__Bacteria,p__Acidobacteriota,Thermoanaerobaculia,Gp7-AA8,f__Gp7-AA8,g__QHVT01,s__,M21_bin.5,4973,15.00100543,3.016287955,3.961391514,5.208123869,0.080434345,2.734767746,19.64608888,0.763561924
M21_bin.9,1,1,2.052265251,M21,Maize,1713,17.6,6.99,2.405922,0.684944898,84.13793103,3.620689655,292,0.930630336,8239.458904,12075,41711,d__Bacteria,p__Actinobacteriota,Thermoleophilia,Solirubrobacterales,f__70-9,g__,s__,M21_bin.9,2417,9.267687216,1.861812164,2.482416219,3.06164667,0.082747207,1.779064958,15.43235416,0.600536193
M22_bin.1,0,1,3.090715321,M22,Maize,1577,17.9,4.41,3.283322,0.737129346,100,2.564102564,232,0.924299231,14152.25,24710,67159,d__Bacteria,p__Actinobacteriota,Acidimicrobiia,Acidimicrobiales,f__UBA8190,g__UBA8190,s__,M22_bin.1,3037,10.4708594,1.745143234,2.831741851,3.325650313,0.197563385,2.370760619,19.39413895,0.539898132
M22_bin.18,0,1,4.424560963,M22,Maize,1577,17.9,4.41,4.179405,0.599092455,82.45929119,4.843151341,745,0.891512309,5609.939597,6896,30772,d__Bacteria,p__Acidobacteriota,Acidobacteriae,Acidobacteriales,f__Acidobacteriaceae,g__KBS-89,s__,M22_bin.18,3892,10.84275437,1.464542651,2.389516958,2.954779034,0.077081192,3.956834533,17.03494347,0.636500754
M22_bin.20,1,1,2.62037914,M22,Maize,1577,17.9,4.41,2.563898,0.381281939,73.71373837,1.617405583,779,0.902535514,3291.268293,3661,14093,d__Bacteria,p__Bacteroidota,Bacteroidia,Chitinophagales,f__Chitinophagaceae,g__Palsa-955,s__,M22_bin.20,2710,12.47232472,1.697416974,2.95202952,3.763837638,0.036900369,4.022140221,16.82656827,0.74122807
M22_bin.21,1,1,5.462245427,M22,Maize,1577,17.9,4.41,3.174305,0.677727566,84.82905983,3.34045584,660,0.903945588,4809.55303,6380,34035,d__Bacteria,p__Acidobacteriota,Acidobacteriae,Acidobacteriales,f__,g__,s__,M22_bin.21,2787,12.95299605,2.404018658,2.619303911,3.26515967,0.107642626,4.556871188,19.16038751,0.676029963
M22_bin.26,0,1,6.711695432,M22,Maize,1577,17.9,4.41,3.579363,0.564385898,84.087132,3.846153846,655,0.896150237,5464.676336,6378,35192,d__Bacteria,p__Acidobacteriota,Acidobacteriae,Acidobacteriales,f__Koribacteraceae,g__Gp1-AA145,s__,M22_bin.26,3351,11.78752611,2.148612355,2.626081766,3.461653237,0.059683677,3.491495075,17.21874067,0.68457539
M22_bin.28,0,1,1.325196451,M22,Maize,1577,17.9,4.41,2.581238,0.714618334,94.72701149,1.293103448,114,0.952454985,22642.4386,32803,144341,d__Bacteria,p__Actinobacteriota,Thermoleophilia,20CM-4-69-9,f__20CM-4-69-9,g__Palsa-739,s__,M22_bin.28,2738,7.669831994,1.132213294,2.227903578,2.593133674,0.109569028,1.607012416,18.0788897,0.424242424
M22_bin.3,0,1,0.993523941,M22,Maize,1577,17.9,4.41,2.8337,0.686396584,94.82557486,3.928571429,314,0.931632848,9024.522293,13579,47947,d__Bacteria,p__Proteobacteria,Alphaproteobacteria,Caulobacterales,f__Caulobacteraceae,g__Palsa-881,s__,M22_bin.3,2837,7.225942897,0.986958055,1.868170603,2.291152626,0.246739514,1.832922101,15.05111033,0.480093677
M22_bin.34,0,1,0,M22,Maize,1577,17.9,4.41,7.048385,0.628378558,86.52037618,7.279693487,1322,0.873045669,5331.607413,6786,39592,d__Bacteria,p__Planctomycetota,Planctomycetes,Pirellulales,f__PALSA-1355,g__,s__,M22_bin.34,5706,13.51209253,3.066947073,2.453557659,4.644234139,0.017525412,3.329828251,17.26253067,0.782741116
M22_bin.36,1,1,0.152908072,M22,Maize,1577,17.9,4.41,3.13206,0.682720957,95.54134881,1.445092559,179,0.929539345,17497.5419,26816,88201,d__Bacteria,p__Proteobacteria,Gammaproteobacteria,Burkholderiales,f__Palsa-1005,g__PALSA-1003,s__,M22_bin.36,2901,6.239227852,0.861771803,1.895897966,1.826956223,0.034470872,1.62013099,15.99448466,0.390086207
M22_bin.4,0,1,6.640372979,M22,Maize,1577,17.9,4.41,3.532948,0.580901559,94.44444444,3.751187085,149,0.897849048,23711.0604,44396,174971,d__Bacteria,p__Acidobacteriota,Acidobacteriae,UBA7541,f__UBA7541,g__,s__,M22_bin.4,2908,10.66024759,2.132049519,2.682255846,2.613480056,0.137551582,3.094910592,16.95323246,0.628803245
M22_bin.44,1,1,3.933411043,M22,Maize,1577,17.9,4.41,2.822435,0.656864374,88.99471936,4.413011557,458,0.909108979,6162.521834,8097,35480,d__Bacteria,p__Proteobacteria,Gammaproteobacteria,Xanthomonadales,f__Rhodanobacteraceae,g__66-474,s__,M22_bin.44,2796,9.799713877,1.573676681,2.467811159,3.111587983,0.035765379,2.610872675,15.66523605,0.625570776
M22_bin.50,0,1,2.81073669,M22,Maize,1577,17.9,4.41,3.043364,0.676397565,86.96529216,4.751660628,343,0.937519797,8872.781341,12039,41120,d__Bacteria,p__Proteobacteria,Gammaproteobacteria,Steroidobacterales,f__Steroidobacteraceae,g__,s__,M22_bin.50,2830,9.787985866,1.554770318,2.120141342,3.109540637,0.070671378,2.932862191,17.31448763,0.565306123
M22_bin.54,1,1,6.93801697,M22,Maize,1577,17.9,4.41,2.472525,0.663518064,95.98765432,5.555555556,338,0.939600611,7315.162722,11237,107381,d__Bacteria,p__Eremiobacterota,Eremiobacteria,UBP12,f__UBA5184,g__PALSA-1529,s__,M22_bin.54,2338,14.97005988,3.250641574,3.806672369,2.309666383,0.128314799,5.474764756,17.02309666,0.879396985
M26_bin.5,1,1,1.162933446,M26,Maize,1085,17.9,8.2,3.885891,0.660189902,94.94762834,6.150882154,656,0.953496637,5923.614329,7817,41162,d__Bacteria,p__Proteobacteria,Gammaproteobacteria,Burkholderiales,f__SG8-39,g__SCGC-AG-212-J23,s__,M26_bin.5,4382,6.914650844,1.004107714,1.939753538,2.350524874,0.114103149,1.506161571,13.64673665,0.506688963
M27_bin.10,0,1,3.648108425,M27,Maize,808,12.5,7.28,5.199072,0.722272167,73.71794872,8.205128205,1292,0.933227507,4024.049536,4607,64979,d__Bacteria,p__Actinobacteriota,Thermoleophilia,Solirubrobacterales,f__Solirubrobacteraceae,g__SEOHO-28,s__,M27_bin.10,5491,9.633946458,1.766527044,2.622473137,3.13239847,0.254962666,1.857585139,15.95337826,0.603881278
M27_bin.14,0,1,0.536251686,M27,Maize,808,12.5,7.28,3.890433,0.679059632,86.46945982,7.326332046,748,0.95658838,5201.113636,6408,21911,d__Bacteria,p__Proteobacteria,Gammaproteobacteria,Burkholderiales,f__SG8-39,g__SCGC-AG-212-J23,s__,M27_bin.14,4493,6.409971066,0.823503227,2.003115959,2.225684399,0.044513688,1.313153795,14.15535277,0.452830189
M27_bin.15,0,1,0.883064904,M27,Maize,808,12.5,7.28,5.679675,0.6663214,98.90788224,9.572649573,279,0.931951212,20357.25806,30277,130924,d__Bacteria,p__Acidobacteriota,Vicinamibacteria,Vicinamibacterales,f__2-12-FULL-66-21,g__2-12-FULL-66-21,s__,M27_bin.15,4871,16.38267296,3.223157462,3.038390473,5.358242661,0.020529665,4.742352701,21.47402997,0.76290631
M27_bin.16,0,1,1.401028466,M27,Maize,808,12.5,7.28,2.293223,0.660560268,84.01045857,4.439528024,332,0.926431926,6907.298193,9442,29679,d__Bacteria,p__Proteobacteria,Alphaproteobacteria,Sphingomonadales,f__Sphingomonadaceae,g__Sphingomonas_A,s__,M27_bin.16,2435,7.26899384,0.862422998,2.176591376,2.381930184,0.205338809,1.642710472,13.83983573,0.525222552
M27_bin.21,1,1,2.304748468,M27,Maize,808,12.5,7.28,2.266719,0.71658772,79.6919692,0,149,0.938405246,15212.87919,23651,89098,d__Bacteria,p__Chloroflexota_A,Ellin6529,P2-11E,f__P2-11E,g__UBA4735,s__,M27_bin.21,2227,9.250112259,1.796138303,2.828917827,2.739110912,0.044903458,1.841041759,17.10821733,0.540682415
M27_bin.24,0,1,0.653738164,M27,Maize,808,12.5,7.28,4.760883,0.668590469,95.31807855,6.349399546,363,0.886416028,13115.38017,21539,69436,d__Bacteria,p__Proteobacteria,Alphaproteobacteria,Rhizobiales,f__Xanthobacteraceae,g__PALSA-894,s__,M27_bin.24,4599,5.02283105,0.761035008,1.65253316,1.56555773,0.130463144,0.913242008,15.39465101,0.326271186
M27_bin.27,0,1,1.37445559,M27,Maize,808,12.5,7.28,3.028354,0.707421589,82.87828783,6.773177318,407,0.915431617,7440.673219,9534,57802,d__Bacteria,p__Chloroflexota_A,Ellin6529,CSP1-4,f__CSP1-4,g__,s__,M27_bin.27,2939,7.519564478,1.224906431,2.075535897,1.871384825,0,2.347737326,16.77441307,0.448275862
M27_bin.28,0,1,1.182362966,M27,Maize,808,12.5,7.28,2.583324,0.734768461,73.36679537,3.873873874,277,0.919344999,9326.079422,12207,32942,d__Bacteria,p__Actinobacteriota,Actinobacteria,Actinomycetales,f__Dermatophilaceae,g__Phycicoccus,s__,M27_bin.28,2538,10.08668243,1.615445232,2.639873916,3.388494878,0.11820331,2.324665091,16.19385343,0.622871046
M27_bin.3,0,1,1.446979229,M27,Maize,808,12.5,7.28,4.283318,0.373087873,96.50246305,2.84619595,464,0.914069653,9231.288793,13156,61479,d__Bacteria,p__Bacteroidota,Bacteroidia,Chitinophagales,f__Chitinophagaceae,g__UTBCD1,s__,M27_bin.3,3909,14.78639038,2.430289076,3.274494755,4.093118445,0.153491942,4.834996162,18.72601688,0.789617486
M27_bin.33,1,1,2.51309894,M27,Maize,808,12.5,7.28,5.771649,0.606644132,83.26572008,5.882352941,858,0.879685684,6726.863636,8406,28434,d__Bacteria,p__Planctomycetota,Planctomycetes,Pirellulales,f__Pirellulaceae,g__Pirellula,s__,M27_bin.33,4845,13.76676987,2.889576884,2.394220847,4.416924665,0.103199174,3.962848297,15.02579979,0.916208792
M27_bin.35,0,1,3.005700751,M27,Maize,808,12.5,7.28,2.925757,0.628470854,92.60935143,7.692307692,325,0.930025631,9002.329231,12259,53508,d__Bacteria,p__Gemmatimonadota,Gemmatimonadetes,Gemmatimonadales,f__Gemmatimonadaceae,g__UBA4720,s__,M27_bin.35,2867,12.66131845,2.267178235,3.278688525,4.255319149,0.034879665,2.825252878,17.05615626,0.742331288
M27_bin.38,0,1,1.342525316,M27,Maize,808,12.5,7.28,2.17308,0.691156331,98.5840708,3.17530552,57,0.92875734,38124.21053,59306,151181,d__Bacteria,p__Proteobacteria,Alphaproteobacteria,Sphingomonadales,f__Sphingomonadaceae,g__Sphingomonas_A,s__,M27_bin.38,2104,7.271863118,0.903041825,2.281368821,2.186311786,0.237642586,1.663498098,15.11406844,0.481132076
M27_bin.39,1,1,0.486057099,M27,Maize,808,12.5,7.28,6.348639,0.707780991,86.36363636,2.068965517,619,0.932585709,10256.28271,15667,72918,d__Bacteria,p__Acidobacteriota,Vicinamibacteria,Fen-336,f__Fen-336,g__AA29,s__,M27_bin.39,5727,15.40073337,3.265234852,3.282696001,5.151038938,0.052383447,3.649380129,19.29456958,0.798190045
M27_bin.41,0,1,2.721190747,M27,Maize,808,12.5,7.28,3.261295,0.614393056,85.0140056,3.544494721,410,0.941241746,7954.378049,10073,57820,d__Bacteria,p__Gemmatimonadota,Gemmatimonadetes,Gemmatimonadales,f__Gemmatimonadaceae,g__,s__,M27_bin.41,3144,14.88549618,3.212468194,3.721374046,5.597964377,0.031806616,2.321882951,18.82951654,0.79054054
M27_bin.44,0,1,0,M27,Maize,808,12.5,7.28,3.314419,0.396766975,87.1592775,2.750410509,637,0.884943032,5203.169545,6247,21877,d__Bacteria,p__Bacteroidota,Bacteroidia,Chitinophagales,f__Chitinophagaceae,g__Flavisolibacter,s__,M27_bin.44,3162,15.71790006,2.972802023,2.65654649,4.617330804,0,5.471220747,17.8684377,0.879646017
M27_bin.7,0,1,1.312510715,M27,Maize,808,12.5,7.28,2.097915,0.654510788,89.65205149,4.461651917,275,0.928478513,7628.781818,10498,29142,d__Bacteria,p__Proteobacteria,Alphaproteobacteria,Sphingomonadales,f__Sphingomonadaceae,g__Sphingomonas_A,s__,M27_bin.7,2261,5.882352941,0.840336134,1.857585139,1.636444051,0.132684653,1.415302964,12.69349845,0.463414634
M28_bin.11,0,0,1.09313347,M28,Maize,977,14.2,8.07,4.490875,0.66485284,98.87931034,0.344827586,52,0.895378072,86362.98077,130032,531086,d__Bacteria,p__Proteobacteria,Gammaproteobacteria,Xanthomonadales,f__Xanthomonadaceae,g__Stenotrophomonas,s__Stenotrophomonas indicatrix,M28_bin.11,3995,8.285356696,0.725907384,2.853566959,2.728410513,0.075093867,1.902377973,14.86858573,0.557239057
M28_bin.12,0,1,5.018126209,M28,Maize,977,14.2,8.07,6.636504,0.458543534,87.00218818,3.391684902,1477,0.801820205,4493.232227,5270,34594,d__Bacteria,p__Cyanobacteria,Cyanobacteriia,Cyanobacteriales,f__Phormidiaceae,g__Microcoleus,s__,M28_bin.12,6063,8.444664358,1.583374567,2.30908791,2.391555336,0,2.160646545,15.1410193,0.557734205
M28_bin.15,0,1,0.628708376,M28,Maize,977,14.2,8.07,2.415144,0.613152259,75.26098533,5.324483776,580,0.919076047,4164.041379,4770,32481,d__Bacteria,p__Proteobacteria,Alphaproteobacteria,Sphingomonadales,f__Sphingomonadaceae,g__Sphingomonas_A,s__,M28_bin.15,2714,5.600589536,0.663227708,1.731761237,1.84229919,0.110537951,1.252763448,13.11717023,0.426966292
M28_bin.16,0,1,4.648328948,M28,Maize,977,14.2,8.07,6.616405,0.397939667,90.31746032,3.333333333,101,0.883661596,65508.9604,132240,424795,d__Bacteria,p__Bacteroidota,Bacteroidia,Sphingobacteriales,f__Sphingobacteriaceae,g__Sphingobacterium,s__,M28_bin.16,5443,13.96288811,1.800477678,2.590483189,3.96839978,0.036744442,5.566783024,16.60848797,0.840707964
M28_bin.18,0,1,0.620815951,M28,Maize,977,14.2,8.07,3.424441,0.67688157,93.53923471,3.050641887,293,0.891290579,11687.51195,17370,71600,d__Bacteria,p__Proteobacteria,Gammaproteobacteria,Xanthomonadales,f__Xanthomonadaceae,g__,s__,M28_bin.18,3053,12.57779234,1.867016049,3.701277431,3.865050769,0.032754668,3.111693417,17.39272846,0.723163842
M28_bin.20,0,0,0.059492288,M28,Maize,977,14.2,8.07,5.660678,0.672296145,90.4008671,2.518059856,756,0.904228963,7487.669312,10125,56346,d__Bacteria,p__Proteobacteria,Gammaproteobacteria,Burkholderiales,f__Burkholderiaceae,g__Delftia,s__Delftia acidovorans,M28_bin.20,5566,5.839022637,0.664750269,1.742723679,2.048149478,0.071864894,1.311534315,12.86381603,0.453910614
M28_bin.22,0,0,1.025726761,M28,Maize,977,14.2,8.07,5.935106,0.64750638,99.14772727,1.310179719,193,0.885142574,30751.84456,48212,326036,d__Bacteria,p__Proteobacteria,Gammaproteobacteria,Pseudomonadales,f__Pseudomonadaceae,g__Pseudomonas_E,s__Pseudomonas_E sp001259595,M28_bin.22,5282,5.94471791,0.605831125,2.158273382,1.817493373,0.075728891,1.28739114,14.27489587,0.416445623
M28_bin.25,0,1,4.842597684,M28,Maize,977,14.2,8.07,3.054942,0.572840335,71.06622751,1.263595862,950,0.91323305,3215.728421,3476,14467,d__Bacteria,p__Proteobacteria,Gammaproteobacteria,Enterobacterales,f__Enterobacteriaceae,g__Enterobacter,s__,M28_bin.25,3460,7.803468208,0.895953757,1.994219653,1.936416185,0.028901734,2.947976879,16.84971098,0.463121784
M29_bin.11,0,1,2.208090751,M29,Maize,1205,15.7,7.32,6.518039,0.556821768,97.09757835,2.564102564,140,0.924225062,46557.42143,75115,206946,d__Bacteria,p__Acidobacteriota,Blastocatellia,Pyrinomonadales,f__Pyrinomonadaceae,g__PSRF01,s__,M29_bin.11,5070,15.70019724,3.372781065,3.747534517,5.305719921,0.059171598,3.214990139,19.58579882,0.801611279
M29_bin.12,0,1,1.084530168,M29,Maize,1205,15.7,7.32,2.561744,0.556250742,83.89520202,7.045454545,506,0.867599573,5062.735178,5827,25204,d__Bacteria,p__Nitrospirota,Nitrospiria,Nitrospirales,f__Nitrospiraceae,g__Palsa-1315,s__,M29_bin.12,2665,5.816135084,1.05065666,1.538461538,1.575984991,0.037523452,1.613508442,15.57223265,0.373493976
M29_bin.14,0,1,5.36001976,M29,Maize,1205,15.7,7.32,2.560332,0.423648964,76.44114411,2.590759076,828,0.912910513,3092.188406,3358,19802,d__Bacteria,p__Bacteroidota,Bacteroidia,Chitinophagales,f__Chitinophagaceae,g__JJ008,s__,M29_bin.14,2831,10.561639,1.483574709,2.93182621,3.355704698,0.141292829,2.649240551,15.01236312,0.703529412
M29_bin.3,0,1,1.445260465,M29,Maize,1205,15.7,7.32,6.9642,0.672225525,89.63081671,6.153846154,563,0.919194308,12369.80462,18627,110463,d__Bacteria,p__Acidobacteriota,Thermoanaerobaculia,UBA5704,f__UBA5704,g__,s__,M29_bin.3,5638,14.73926924,3.352252572,3.210358283,5.143667968,0.124157503,2.908832919,18.96062433,0.777362021
M3_bin.1,0,0,-0.652438612,M3,Maize,759,3.8,7.45,2.648868,0.325661377,94.0491271,1.698921109,305,0.836207014,8684.813115,14145,93159,d__Bacteria,p__Firmicutes,Bacilli,Staphylococcales,f__Staphylococcaceae,g__Staphylococcus,s__Staphylococcus aureus,M3_bin.1,2662,6.987227648,1.014274981,2.028549962,1.765589782,0.03756574,2.141247182,13.14800902,0.531428571
M30_bin.1,0,0,-0.75120973,M30,Maize,1003,16.6,7.35,2.248911,0.327187248,84.53679093,1.50687143,499,0.836929074,4506.835671,5450,25090,d__Bacteria,p__Firmicutes,Bacilli,Staphylococcales,f__Staphylococcaceae,g__Staphylococcus,s__Staphylococcus aureus,M30_bin.1,2430,6.95473251,1.069958848,1.893004115,1.769547325,0.041152263,2.181069959,13.33333333,0.521604938
M30_bin.12,0,1,2.016020494,M30,Maize,1003,16.6,7.35,2.005958,0.596539409,73.43055556,0,569,0.907253791,3525.40949,3781,17923,d__Bacteria,p__Nitrospirota,Nitrospiria,Nitrospirales,f__Nitrospiraceae,g__Nitrospira_C,s__,M30_bin.12,2281,5.743095134,0.832967997,1.928978518,1.49057431,0.087680842,1.402893468,14.68654099,0.391044776
M30_bin.15,0,1,0.755507703,M30,Maize,1003,16.6,7.35,2.821947,0.659111954,78.72303683,6.386488245,486,0.959816396,5806.475309,7272,23521,d__Bacteria,p__Proteobacteria,Gammaproteobacteria,Burkholderiales,f__SG8-39,g__SCGC-AG-212-J23,s__,M30_bin.15,3296,6.310679612,0.879854369,1.729368932,2.275485437,0.151699029,1.274271845,13.44053398,0.469525959
M30_bin.7,0,1,5.624921993,M30,Maize,1003,16.6,7.35,3.246433,0.536699202,81.52896486,3.062678063,499,0.914335826,6505.877756,8286,32553,d__Bacteria,p__Acidobacteriota,Blastocatellia,Pyrinomonadales,f__Pyrinomonadaceae,g__,s__,M30_bin.7,3112,12.91773779,2.538560411,3.11696658,4.338046273,0.032133676,2.892030848,15.97043702,0.808853119
M30_bin.8,0,1,1.978313756,M30,Maize,1003,16.6,7.35,4.355197,0.535114715,93.96367521,3.162393162,469,0.880922953,9286.134328,11814,61860,d__Bacteria,p__Acidobacteriota,Blastocatellia,Pyrinomonadales,f__Pyrinomonadaceae,g__PSRF01,s__,M30_bin.8,3730,13.72654155,3.002680965,3.324396783,4.772117962,0.053619303,2.573726542,17.93565684,0.765321375
M30_bin.9,0,1,0.972058091,M30,Maize,1003,16.6,7.35,4.561117,0.671716818,76.89655172,1.724137931,235,0.938943684,19409.00851,25639,111902,d__Bacteria,p__Acidobacteriota,Vicinamibacteria,Vicinamibacterales,f__2-12-FULL-66-21,g__QHWT01,s__,M30_bin.9,3851,18.28096598,4.102830434,3.479615684,5.790703713,0.051934562,4.855881589,20.56608673,0.888888889
M31_bin.10,0,1,3.504258969,M31,Maize,1586,24.1,6.4,3.180606,0.579548048,82.84848485,6.767676768,674,0.901971511,4719,5470,24073,d__Bacteria,p__Nitrospirota,Nitrospiria,Nitrospirales,f__Nitrospiraceae,g__Nitrospira_C,s__,M31_bin.10,3382,6.830277942,1.123595505,1.951507984,1.862803075,0.088704908,1.803666469,15.70076878,0.435028248
M31_bin.12,0,1,-0.079992487,M31,Maize,1586,24.1,6.4,2.379301,0.7184753,89.26420165,3.211009174,332,0.922947118,7166.569277,9658,31980,d__Bacteria,p__Chloroflexota_A,Ellin6529,CSP1-4,f__CSP1-4,g__UBA5189,s__,M31_bin.12,2299,6.089604176,1.000434972,1.95737277,1.522401043,0.043497173,1.565898216,13.87559809,0.438871473
M31_bin.25,0,1,2.580715382,M31,Maize,1586,24.1,6.4,3.091499,0.382771271,87.46852764,3.218390805,754,0.903378911,4100.1313,4752,46286,d__Bacteria,p__Bacteroidota,Bacteroidia,Chitinophagales,f__Chitinophagaceae,g__Palsa-955,s__,M31_bin.25,3116,12.41976893,2.086007702,2.663671373,3.369704749,0.032092426,4.268292682,16.3029525,0.761811023
M31_bin.27,0,1,0,M31,Maize,1586,24.1,6.4,2.249519,0.584669878,75.66476733,4.273504274,332,0.89124075,6775.659639,9594,36005,d__Bacteria,p__Acidobacteriota,Acidobacteriae,Acidobacteriales,f__QIAW01,g__,s__,M31_bin.27,2087,9.822712027,2.204120747,2.252036416,3.449928127,0,1.916626737,15.04551989,0.652866242
M31_bin.28,0,1,1.046856597,M31,Maize,1586,24.1,6.4,2.389924,0.654960158,83.67878219,7.354829797,472,0.942145441,5063.398305,6292,27769,d__Bacteria,p__Proteobacteria,Gammaproteobacteria,Xanthomonadales,f__Rhodanobacteraceae,g__Rudaea,s__,M31_bin.28,2467,10.13376571,1.905147953,3.040129713,3.323875152,0.040535063,1.824077828,15.44385894,0.656167979
M31_bin.3,0,1,1.198909243,M31,Maize,1586,24.1,6.4,2.560524,0.697404516,72.0135468,5.689655172,632,0.936430981,4051.462025,4547,110137,d__Bacteria,p__Actinobacteriota,Thermoleophilia,20CM-4-69-9,f__20CM-4-69-9,g__Palsa-739,s__,M31_bin.3,2950,5.966101695,0.847457627,2,1.79661017,0.13559322,1.186440678,13.25423729,0.450127877
M31_bin.31,0,1,0,M31,Maize,1586,24.1,6.4,4.39028,0.617782237,86.61835749,0.869565217,411,0.934596654,10681.94647,14530,53846,d__Bacteria,p__Acidobacteriota,Acidobacteriae,Bryobacterales,f__Bryobacteraceae,g__Palsa-187,s__,M31_bin.31,3936,14.48170732,3.25203252,2.896341463,4.49695122,0.12703252,3.709349593,17.25101626,0.839469809
M31_bin.33,0,1,1.331294627,M31,Maize,1586,24.1,6.4,4.057388,0.719152322,76.01880878,0,631,0.920253868,6430.091918,8173,32143,d__Bacteria,p__Gemmatimonadota,Gemmatimonadetes,Gemmatimonadales,f__Gemmatimonadaceae,g__,s__,M31_bin.33,3676,15.61479869,3.346028292,3.72687704,4.978237214,0,3.563656148,18.22633297,0.856716418
M31_bin.34,0,1,2.866320849,M31,Maize,1586,24.1,6.4,2.645492,0.693660385,95.6043956,3.396603397,279,0.943661897,9482.050179,15732,82925,d__Bacteria,p__Gemmatimonadota,Gemmatimonadetes,Gemmatimonadales,f__GWC2-71-9,g__,s__,M31_bin.34,2546,12.37234878,2.395915161,3.220738413,4.516889238,0,2.23880597,16.26080126,0.760869565
M31_bin.36,0,1,1.37907777,M31,Maize,1586,24.1,6.4,4.841786,0.618540968,98.07692308,2.237654321,282,0.878204448,17169.4539,26330,104198,d__Bacteria,p__Acidobacteriota,Acidobacteriae,Acidobacteriales,f__Koribacteraceae,g__,s__,M31_bin.36,4017,11.37664924,2.016430172,2.514314164,3.086880756,0.074682599,3.684341549,17.89892955,0.635605007
M31_bin.39,0,1,2.397290855,M31,Maize,1586,24.1,6.4,2.145148,0.640234147,87.49849034,2.395330113,310,0.923927393,6919.832258,9644,45733,d__Bacteria,p__Proteobacteria,Gammaproteobacteria,,f__,g__,s__,M31_bin.39,2100,7.904761905,1.142857143,2.571428572,2.571428571,0,1.61904762,15.47619048,0.510769231
M31_bin.40,1,1,3.435658935,M31,Maize,1586,24.1,6.4,4.358943,0.668035118,94.37621202,2.297702298,590,0.912633866,7388.038983,11671,55141,d__Bacteria,p__Gemmatimonadota,Gemmatimonadetes,Gemmatimonadales,f__Gemmatimonadaceae,g__,s__,M31_bin.40,3910,12.1483376,2.659846547,2.864450128,3.631713556,0,2.992327365,16.21483376,0.749211357
M31_bin.41,0,1,1.769852489,M31,Maize,1586,24.1,6.4,4.058001,0.619853716,93.72404392,3.824181566,409,0.898900715,9921.762836,16318,83580,d__Bacteria,p__Proteobacteria,Gammaproteobacteria,Xanthomonadales,f__Rhodanobacteraceae,g__Rudaea,s__,M31_bin.41,3641,8.761329305,1.592968964,2.307058499,2.581708322,0.027464982,2.252128536,15.81982972,0.553819444
M31_bin.6,0,1,2.873115273,M31,Maize,1586,24.1,6.4,3.314209,0.681823325,93.11744387,7.99407846,538,0.92778307,6160.239777,8559,84090,d__Bacteria,p__Actinobacteriota,Actinobacteria,Propionibacteriales,f__Nocardioidaceae,g__,s__,M31_bin.6,3458,7.142857143,1.243493349,2.226720649,2.197802198,0.14459225,1.330248699,13.21573164,0.5404814
M31_bin.7,0,1,0.177492912,M31,Maize,1586,24.1,6.4,2.802307,0.548177983,77.34188152,4.72972973,733,0.892958552,3823.065484,4085,16948,d__Bacteria,p__Verrucomicrobiota,Verrucomicrobiae,Chthoniobacterales,f__UBA10450,g__AV55,s__,M31_bin.7,2818,8.05535841,1.419446415,1.77430802,2.235628105,0,2.62597587,15.8623137,0.507829978
M33_bin.14,1,1,2.942658007,M33,Maize,1869,22,7.24,2.094061,0.678924826,78.44806316,3.281519862,504,0.940235743,4154.882937,4853,23737,d__Bacteria,p__Actinobacteriota,Actinobacteria,Propionibacteriales,f__Nocardioidaceae,g__Aeromicrobium,s__,M33_bin.14,2268,5.599647266,0.837742504,1.71957672,2.028218695,0.220458554,0.793650794,13.84479718,0.404458599
M33_bin.17,0,1,0.7330186,M33,Maize,1869,22,7.24,2.494329,0.705657514,73.69252874,7.471264368,622,0.939658321,4010.175241,4496,21060,d__Bacteria,p__Actinobacteriota,Thermoleophilia,20CM-4-69-9,f__20CM-4-69-9,g__,s__,M33_bin.17,2744,7.835276968,1.457725947,1.895043731,2.150145772,0.109329446,2.223032071,17.23760933,0.454545455
M33_bin.3,0,1,1.260529996,M33,Maize,1869,22,7.24,3.244748,0.680148042,89.01098901,7.342657343,526,0.938014601,6168.722433,8282,43847,d__Bacteria,p__Gemmatimonadota,Gemmatimonadetes,Gemmatimonadales,f__GWC2-71-9,g__,s__,M33_bin.3,3150,14.0952381,3.111111111,3.333333333,5.555555556,0,2.095238096,16.03174603,0.879207921
M34_bin.11,0,1,3.911354755,M34,Maize,1686,22.8,5.65,3.508309,0.578328477,95.90909091,2.727272727,97,0.898706471,36168.13402,64300,181278,d__Bacteria,p__Nitrospirota,Nitrospiria,Nitrospirales,f__Nitrospiraceae,g__Nitrospira_C,s__,M34_bin.11,3344,6.967703349,1.016746411,2.063397129,2.003588516,0.089712919,1.794258373,16.44736842,0.423636364
M34_bin.12,0,0,-0.327553168,M34,Maize,1686,22.8,5.65,2.603055,0.325627004,93.86881814,2.048747567,319,0.841485101,8160.047022,11843,45603,d__Bacteria,p__Firmicutes,Bacilli,Staphylococcales,f__Staphylococcaceae,g__Staphylococcus,s__Staphylococcus aureus,M34_bin.12,2648,6.193353474,0.944108761,1.963746223,1.359516617,0,1.925981874,13.06646526,0.473988439
M34_bin.16,1,1,0.397403014,M34,Maize,1686,22.8,5.65,3.537025,0.701194931,92.4304506,2.849346546,347,0.954063938,10193.15562,15263,46944,d__Bacteria,p__Proteobacteria,Gammaproteobacteria,Burkholderiales,f__SG8-39,g__SCGC-AG-212-J23,s__,M34_bin.16,3741,6.629243518,0.962309543,2.138465651,1.951349906,0.106923283,1.470195135,14.75541299,0.449275362
M34_bin.20,1,1,0.247541303,M34,Maize,1686,22.8,5.65,3.957365,0.685222364,94.10589411,1.098901099,150,0.948746957,26382.43333,76079,206376,d__Bacteria,p__Gemmatimonadota,Gemmatimonadetes,Gemmatimonadales,f__GWC2-71-9,g__,s__,M34_bin.20,3540,13.55932203,2.372881356,3.446327683,4.067796611,0.056497175,3.615819209,17.96610169,0.754716981
M34_bin.23,1,1,1.586777151,M34,Maize,1686,22.8,5.65,3.701424,0.698040808,94.82758621,5.956112853,258,0.92432345,14346.60465,22201,105914,d__Bacteria,p__Firmicutes_H,CSP1-3,,f__,g__,s__,M34_bin.23,3495,8.240343348,1.144492131,2.34620887,2.174535051,0.028612303,2.546494993,18.11158798,0.454976303
M34_bin.28,0,1,4.369880909,M34,Maize,1686,22.8,5.65,3.217936,0.57763641,77.4691358,4.036087369,526,0.902341749,6117.749049,8780,56176,d__Bacteria,p__Acidobacteriota,Acidobacteriae,UBA7541,f__UBA7541,g__,s__,M34_bin.28,2933,10.97852029,2.14797136,2.488919194,2.82986703,0.034094783,3.477667916,15.99045346,0.686567164
M34_bin.31,0,1,0.789390808,M34,Maize,1686,22.8,5.65,2.253858,0.728159449,84.58208458,2.262443439,565,0.950943227,3989.129204,4823,20129,d__Bacteria,p__Gemmatimonadota,Gemmatimonadetes,Gemmatimonadales,f__GWC2-71-9,g__,s__,M34_bin.31,2370,12.15189873,2.320675106,2.784810125,3.417721519,0,3.628691982,15.73839662,0.772117962
M34_bin.32,0,1,1.37602652,M34,Maize,1686,22.8,5.65,4.294684,0.671305968,70.80272669,7.875457875,560,0.923470039,7669.078571,9598,38026,d__Bacteria,p__Gemmatimonadota,Gemmatimonadetes,Gemmatimonadales,f__Gemmatimonadaceae,g__AG2,s__,M34_bin.32,3813,17.0993968,4.06504065,3.619197482,5.08785733,0.026226069,4.30107527,17.938631,0.953216374
M34_bin.33,0,1,3.531964156,M34,Maize,1686,22.8,5.65,4.334017,0.668039142,91.75824176,1.898101898,453,0.913907583,9567.366446,16224,79237,d__Bacteria,p__Gemmatimonadota,Gemmatimonadetes,Gemmatimonadales,f__Gemmatimonadaceae,g__,s__,M34_bin.33,3814,11.69375983,2.490823283,2.884111169,3.408495019,0,2.910330362,16.3345569,0.71589085
M34_bin.35,0,1,0.215908178,M34,Maize,1686,22.8,5.65,3.141405,0.716322792,94.40559441,7.806898983,346,0.936513439,9079.205202,13058,52370,d__Bacteria,p__Gemmatimonadota,Gemmatimonadetes,Gemmatimonadales,f__GWC2-71-9,g__,s__,M34_bin.35,3054,9.004584152,1.833660773,2.685003274,2.979698757,0,1.506221349,15.32416503,0.587606838
M34_bin.39,1,1,4.201520107,M34,Maize,1686,22.8,5.65,4.130654,0.666406337,93.70629371,3.296703297,332,0.922578846,12441.72892,21393,123871,d__Bacteria,p__Gemmatimonadota,Gemmatimonadetes,Gemmatimonadales,f__Gemmatimonadaceae,g__,s__,M34_bin.39,3607,14.1668977,2.855558636,3.27141669,4.823953425,0.02772387,3.188245079,17.18879956,0.824193548
M34_bin.40,0,1,2.700631576,M34,Maize,1686,22.8,5.65,2.167115,0.652212273,83.90777339,6.931677019,454,0.917682726,4773.381057,5750,25048,d__Bacteria,p__Proteobacteria,Alphaproteobacteria,Elsterales,f__URHD0088,g__,s__,M34_bin.40,2281,5.918456817,1.0521701,1.928978518,1.183691364,0.087680842,1.665935993,16.26479614,0.363881402
M34_bin.5,1,1,0.928916865,M34,Maize,1686,22.8,5.65,5.06107,0.665731752,99.47826087,6.775362319,456,0.894964306,11098.83772,17048,66029,d__Bacteria,p__Proteobacteria,Alphaproteobacteria,Elsterales,f__URHD0088,g__,s__,M34_bin.5,4760,5.273109244,0.819327731,1.449579831,1.281512605,0.06302521,1.659663866,16.61764706,0.317319848
M34_bin.6,0,1,7.195720448,M34,Maize,1686,22.8,5.65,4.742979,0.574103111,86.95987654,4.301994302,437,0.879945705,10853.49886,15625,65359,d__Bacteria,p__Acidobacteriota,Acidobacteriae,Acidobacteriales,f__Gp1-AA117,g__Gp1-AA17,s__,M34_bin.6,4025,9.416149068,1.98757764,2.310559005,2.385093167,0.02484472,2.708074534,16.07453416,0.585780526
M34_bin.7,1,1,2.52677746,M34,Maize,1686,22.8,5.65,3.446776,0.382162635,98.76847291,0.782703886,270,0.903327922,12765.83704,20255,80117,d__Bacteria,p__Bacteroidota,Bacteroidia,Chitinophagales,f__Chitinophagaceae,g__Palsa-955,s__,M34_bin.7,3057,12.65947007,2.126267583,2.780503762,3.43473994,0.032711809,4.285246975,17.86064769,0.708791209
M34_bin.8,0,1,2.462872006,M34,Maize,1686,22.8,5.65,4.569959,0.662145328,81.57763256,7.274808776,702,0.918830782,6509.913105,8579,49271,d__Bacteria,p__Proteobacteria,Gammaproteobacteria,Steroidobacterales,f__Steroidobacteraceae,g__,s__,M34_bin.8,4383,9.90189368,1.665525896,2.099018937,2.783481634,0.045630846,3.308236368,16.42710472,0.602777778
M34_bin.9,0,1,2.182479672,M34,Maize,1686,22.8,5.65,3.445839,0.655476068,78.68708827,3.579710145,848,0.912015042,4063.489387,4794,26503,d__Bacteria,p__Proteobacteria,Alphaproteobacteria,Elsterales,f__URHD0088,g__,s__,M34_bin.9,3594,5.564830273,0.946021147,1.419031719,1.168614357,0.111296605,1.919866444,13.82860323,0.402414487
M35_bin.10,0,0,0.012855211,M35,Maize,1320,25.7,5.98,2.774252,0.326653094,95.054534,6.183609667,556,0.836394098,4989.661871,6536,23803,d__Bacteria,p__Firmicutes,Bacilli,Staphylococcales,f__Staphylococcaceae,g__Staphylococcus,s__Staphylococcus aureus,M35_bin.10,2941,6.120367222,0.816048962,2.074124448,1.224073444,0.03400204,1.972118327,12.3767426,0.494505495
M35_bin.17,0,1,0.781624737,M35,Maize,1320,25.7,5.98,3.226535,0.40703789,86.91023536,4.950738916,793,0.912713794,4068.770492,4830,19898,d__Bacteria,p__Bacteroidota,Bacteroidia,Chitinophagales,f__Chitinophagaceae,g__UTBCD1,s__,M35_bin.17,3324,12.09386282,1.895306859,3.008423586,3.068592057,0.150421179,3.971119133,16.42599278,0.736263737
M35_bin.23,0,1,0,M35,Maize,1320,25.7,5.98,2.070148,0.451735818,91.80894309,0.101626016,235,0.919855972,8809.140426,12559,33076,d__Bacteria,p__Proteobacteria,Gammaproteobacteria,Thiomicrospirales,f__Thiomicrospiraceae,g__Thiomicrospira,s__,M35_bin.23,2078,5.822906641,0.577478345,2.021174206,1.780558229,0,1.443695861,14.10009625,0.412969283
M35_bin.3,0,1,2.736332602,M35,Maize,1320,25.7,5.98,2.237759,0.612267005,72.27140975,3.983436853,574,0.919182986,3898.534843,4457,18679,d__Bacteria,p__Proteobacteria,Alphaproteobacteria,UBA1301,f__UBA1301,g__UBA6038,s__,M35_bin.3,2418,3.928866832,0.537634409,1.157981803,1.075268818,0.330851944,0.82712986,13.15136476,0.298742138
M35_bin.4,1,1,0.724158175,M35,Maize,1320,25.7,5.98,2.815833,0.655553437,85.70838931,8.109041342,613,0.940406622,4593.528548,5845,46688,d__Bacteria,p__Proteobacteria,Gammaproteobacteria,Xanthomonadales,f__Rhodanobacteraceae,g__Rudaea,s__,M35_bin.4,2877,10.94890511,2.467848453,2.91970803,3.82342718,0.034758429,1.703163017,15.53701773,0.704697986
M35_bin.5,0,1,1.235957222,M35,Maize,1320,25.7,5.98,3.287224,0.724058659,87.21264368,1.293103448,240,0.935003821,13696.76667,20570,113114,d__Bacteria,p__Actinobacteriota,Thermoleophilia,20CM-4-69-9,f__20CM-4-69-9,g__PALSA-600,s__,M35_bin.5,3324,7.370637786,0.842358604,2.466907341,2.61732852,0.150421179,1.293622143,18.26113117,0.403624382
M36_bin.11,0,1,0.272729141,M36,Maize,1542,21.6,5.92,1.782567,0.639420566,70.30494579,1.622418879,399,0.92975243,4467.586466,5156,15736,d__Bacteria,p__Proteobacteria,Alphaproteobacteria,Sphingomonadales,f__Sphingomonadaceae,g__Sphingomonas_A,s__,M36_bin.11,2016,5.009920635,0.54563492,1.537698413,1.785714285,0.049603175,1.091269842,12.59920635,0.397637795
M36_bin.24,0,1,-0.980888916,M36,Maize,1542,21.6,5.92,2.847044,0.69725582,76.6802168,1.321138211,374,0.928008138,7612.417112,9552,33385,d__Bacteria,p__Proteobacteria,Gammaproteobacteria,Burkholderiales,f__Palsa-1005,g__PALSA-1003,s__,M36_bin.24,2847,6.146821215,0.913242009,1.826484019,1.721109941,0.035124693,1.650860556,15.8061117,0.388888889
M36_bin.9,0,1,-0.219208792,M36,Maize,1542,21.6,5.92,2.172615,0.447109589,70.6519019,1.651651652,560,0.914404991,3879.669643,4420,16856,d__Bacteria,p__Bdellovibrionota,Bdellovibrionia,Bdellovibrionales,f__Bdellovibrionaceae,g__Bdellovibrio,s__,M36_bin.9,2386,7.418273261,1.466890192,2.221290863,2.263202012,0.041911148,1.424979044,13.16010059,0.563694267
M4_bin.1,1,1,1.272122728,M4,Maize,541,5,5.66,2.52065,0.706037728,92.16954023,4.468390805,154,0.932768929,16367.85714,24317,80106,d__Bacteria,p__Actinobacteriota,Thermoleophilia,20CM-4-69-9,f__20CM-4-69-9,g__Palsa-739,s__,M4_bin.1,2658,7.26109857,1.128668172,2.294958615,2.182091798,0.112866817,1.542513168,15.8013544,0.45952381
M4_bin.12,0,1,4.278523431,M4,Maize,541,5,5.66,4.013383,0.666212021,93.85908209,3.296703297,516,0.923909829,7777.874031,12486,45430,d__Bacteria,p__Gemmatimonadota,Gemmatimonadetes,Gemmatimonadales,f__Gemmatimonadaceae,g__,s__,M4_bin.12,3607,14.36096479,2.938730247,3.410036042,4.574438592,0.02772387,3.410036041,17.57693374,0.8170347
M4_bin.19,1,1,0,M4,Maize,541,5,5.66,2.957942,0.592303027,89.62984724,9.696205157,525,0.908393065,5634.175238,7009,28656,d__Bacteria,p__Verrucomicrobiota,Verrucomicrobiae,Chthoniobacterales,f__UBA10450,g__Palsa-1392,s__,M4_bin.19,2949,8.070532384,1.559850797,2.136317396,2.271956594,0,2.102407596,15.32722957,0.526548673
M4_bin.22,0,1,0.306958589,M4,Maize,541,5,5.66,3.632804,0.67727601,93.1342981,1.137440758,128,0.933025013,28381.28125,40341,124524,d__Bacteria,p__Proteobacteria,Gammaproteobacteria,Burkholderiales,f__Palsa-1005,g__PALSA-1003,s__,M4_bin.22,3335,8.365817091,1.289355321,2.128935532,2.368815591,0.029985007,2.548725637,18.50074963,0.452188006
M4_bin.3,0,0,-0.274267756,M4,Maize,541,5,5.66,2.021504,0.324720109,71.16796734,0.945936086,612,0.837667895,3303.111111,3694,39521,d__Bacteria,p__Firmicutes,Bacilli,Staphylococcales,f__Staphylococcaceae,g__Staphylococcus,s__Staphylococcus aureus,M4_bin.3,2317,5.481225723,0.863185153,1.812688822,1.1221407,0.043159258,1.640051791,12.77514027,0.429054054
M4_bin.4,1,1,1.933055519,M4,Maize,541,5,5.66,4.871605,0.577729311,88.62179487,0.854700855,560,0.890799644,8699.294643,11769,44853,d__Bacteria,p__Acidobacteriota,Acidobacteriae,Acidobacteriales,f__Koribacteraceae,g__Sulfotelmatobacter,s__,M4_bin.4,4395,13.37883959,2.502844141,2.616609784,3.549488055,0,4.709897611,16.56427759,0.807692308
M4_bin.8,1,1,1.642722895,M4,Maize,541,5,5.66,3.414265,0.620086607,72.00446612,4.395604396,613,0.923583553,5569.763458,6983,48197,d__Bacteria,p__Gemmatimonadota,Gemmatimonadetes,Gemmatimonadales,f__Gemmatimonadaceae,g__Fen-1247,s__,M4_bin.8,3197,11.97998123,2.471066625,2.783859869,3.7222396,0,3.002815139,16.42164529,0.729523809
M5_bin.11,0,1,1.055154431,M5,Maize,411,5.2,8.3,2.025767,0.577501262,71.58459596,4.575757576,731,0.901929985,2771.227086,2872,11611,d__Bacteria,p__Nitrospirota,Nitrospiria,Nitrospirales,f__Nitrospiraceae,g__Nitrospira_C,s__,M5_bin.11,2340,7.264957265,1.025641026,2.179487179,1.965811966,0.085470085,2.008547008,14.91452991,0.487106017
M5_bin.3,0,1,3.311494555,M5,Maize,411,5.2,8.3,5.964906,0.718194553,89.46208113,2.001763668,1009,0.889319798,5911.700694,7742,68557,d__Bacteria,p__Actinobacteriota,Actinobacteria,Streptosporangiales,f__Streptosporangiaceae,g__Thermomonospora_B,s__,M5_bin.3,5904,11.51761518,2.100271003,2.896341463,3.844850949,0.118563686,2.557588076,18.24186992,0.631383473
M5_bin.4,0,1,1.409819447,M5,Maize,411,5.2,8.3,4.782244,0.540827695,81.94828469,3.963133641,1452,0.863992092,3293.556474,3569,13894,d__Bacteria,p__Binatota,Binatia,UBA9968,f__,g__,s__,M5_bin.4,5032,5.663751987,0.89427663,1.510333864,1.152623212,0.019872814,2.08664547,12.7782194,0.443234837
M6_bin.1,0,1,1.038595182,M6,Maize,577,9.4,7.66,2.552385,0.574512074,73.61111111,5.378787879,764,0.899814879,3340.818063,3674,12425,d__Bacteria,p__Nitrospirota,Nitrospiria,Nitrospirales,f__Nitrospiraceae,g__Nitrospira_C,s__,M6_bin.1,2866,6.489881368,1.151430565,1.849267272,2.093510118,0.034891835,1.360781577,14.96859735,0.433566434
M6_bin.10,0,1,1.438780936,M6,Maize,577,9.4,7.66,2.256268,0.653199443,96.8557254,2.669616519,127,0.927790493,17765.88976,28885,77983,d__Bacteria,p__Proteobacteria,Alphaproteobacteria,Sphingomonadales,f__Sphingomonadaceae,g__Sphingomonas_A,s__,M6_bin.10,2326,5.846947549,0.773860706,1.719690456,1.762682718,0.128976784,1.461736887,12.72570937,0.45945946
M6_bin.11,0,1,2.583278904,M6,Maize,577,9.4,7.66,3.39005,0.633762334,96.32810307,3.215775502,366,0.903103199,9262.431694,13697,79548,d__Bacteria,p__Proteobacteria,Alphaproteobacteria,Sphingomonadales,f__Sphingomonadaceae,g__Sphingobium,s__,M6_bin.11,3430,7.346938776,1.020408164,1.982507289,2.594752186,0.204081633,1.545189504,13.81924198,0.53164557
M6_bin.12,0,1,1.379386158,M6,Maize,577,9.4,7.66,1.926092,0.657214712,76.69779336,2.787610619,183,0.933243583,10525.0929,14151,46497,d__Bacteria,p__Proteobacteria,Alphaproteobacteria,Sphingomonadales,f__Sphingomonadaceae,g__Sphingomonas_A,s__,M6_bin.12,2043,5.286343612,0.832109642,1.566324033,1.908957415,0.146842878,0.832109642,12.09006363,0.437246964
M6_bin.15,0,1,0.491184869,M6,Maize,577,9.4,7.66,3.476333,0.676441239,84.7569903,2.552822326,636,0.959547891,5465.93239,6730,20373,d__Bacteria,p__Proteobacteria,Gammaproteobacteria,Burkholderiales,f__SG8-39,g__SCGC-AG-212-J23,s__,M6_bin.15,3993,6.636614075,0.901577761,2.078637616,1.978462308,0.07513148,1.602804908,14.52541948,0.456896552
M6_bin.19,0,1,1.456105657,M6,Maize,577,9.4,7.66,2.423247,0.725265316,78.29022989,5.675287356,542,0.956235167,4470.935424,5213,32903,d__Bacteria,p__Actinobacteriota,Thermoleophilia,20CM-4-69-9,f__20CM-4-69-9,g__,s__,M6_bin.19,2701,9.477971122,1.592002962,2.887819327,2.554609403,0.148093299,2.29544613,17.58607923,0.538947368
M7_bin.3,0,1,-0.224060115,M7,Maize,631,12.3,7.76,3.376741,0.585190277,94.6969697,4.595959596,531,0.891158368,6359.210923,8146,41805,d__Bacteria,p__Nitrospirota,Nitrospiria,Nitrospirales,f__Nitrospiraceae,g__Nitrospira_C,s__,M7_bin.3,3501,6.483861754,0.942587831,1.942302199,2.199371608,0.057126535,1.342473579,14.88146244,0.435700576
M8_bin.11,0,1,1.420704026,M8,Maize,205,8.9,8.37,4.950991,0.55804747,84.79938272,7.916666667,974,0.926108127,5083.152977,5975,24996,d__Bacteria,p__Acidobacteriota,Blastocatellia,Pyrinomonadales,f__Pyrinomonadaceae,g__PSRF01,s__,M8_bin.11,4713,13.64311479,2.821981753,3.24633991,4.731593465,0.021217908,2.821981753,17.84426056,0.764565993
M8_bin.7,1,1,1.607083116,M8,Maize,205,8.9,8.37,4.211716,0.648702334,95.4045954,6.693306693,305,0.928680614,13808.90492,23765,76389,d__Bacteria,p__Gemmatimonadota,Gemmatimonadetes,RSA9,f__RSA9,g__,s__,M8_bin.7,3848,12.55197505,2.416839917,3.274428275,3.898128899,0.051975052,2.910602911,19.07484407,0.658038147
M9_bin.10,0,1,2.107350719,M9,Maize,587,12.5,8.05,2.106794,0.671839297,76.94207028,0.854700855,643,0.944022054,3276.506998,3571,14215,d__Bacteria,p__Actinobacteriota,Acidimicrobiia,UBA5794,f__ZC4RG35,g__,s__,M9_bin.10,2438,6.029532404,1.025430681,1.886792452,1.927809679,0.041017227,1.148482362,13.33059885,0.452307692
M9_bin.9,0,1,1.477223675,M9,Maize,587,12.5,8.05,3.188267,0.582755459,89.13131313,6.96969697,812,0.894738427,3926.437192,4499,24338,d__Bacteria,p__Nitrospirota,Nitrospiria,Nitrospirales,f__Nitrospiraceae,g__Nitrospira_C,s__,M9_bin.9,3476,6.789413119,1.179516686,1.869965477,2.128883775,0.057537399,1.553509782,15.39125432,0.441121495
R1_bin.11,0,1,-0.29425394,R1,Rice,553,0.7,5.89,8.066648,0.70366167,88.30261137,6.505376344,846,0.957030975,9535.044917,13907,61979,d__Bacteria,p__Myxococcota,Polyangia,Haliangiales,f__Haliangiaceae,g__,s__,R1_bin.11,7142,21.59059087,5.488658638,4.690562868,8.989078689,0.084010081,2.338280593,16.4799776,1.31011045
R1_bin.4,0,1,1.49689444,R1,Rice,553,0.7,5.89,4.741278,0.577638561,74.24738841,2.913105413,1294,0.885392293,3664.047913,4239,37225,d__Bacteria,p__Acidobacteriota,Acidobacteriae,Acidobacteriales,f__Koribacteraceae,g__Sulfotelmatobacter,s__,R1_bin.4,4803,12.5130127,2.331875911,2.581719758,3.268790339,0,4.330626692,15.82344368,0.790789474
R1_bin.6,0,0,-0.39833144,R1,Rice,553,0.7,5.89,2.724023,0.326292032,97.92041199,0.347779561,77,0.841754273,35376.92208,57800,177617,d__Bacteria,p__Firmicutes,Bacilli,Staphylococcales,f__Staphylococcaceae,g__Staphylococcus,s__Staphylococcus aureus,R1_bin.6,2576,6.677018634,0.970496895,2.096273292,1.513975155,0.038819876,2.057453417,13.81987578,0.483146067
R10_bin.3,0,0,-0.311577398,R10,Rice,585,14.7,8.34,2.140382,0.326513678,75.82451554,2.238771913,484,0.831377763,4422.27686,5239,30766,d__Bacteria,p__Firmicutes,Bacilli,Staphylococcales,f__Staphylococcaceae,g__Staphylococcus,s__Staphylococcus aureus,R10_bin.3,2436,5.665024631,0.944170772,1.600985221,1.272577997,0,1.847290641,12.27422003,0.461538462
R10_bin.4,0,1,0.472903087,R10,Rice,585,14.7,8.34,5.399616,0.56186088,86.18233618,8.701329535,1041,0.918014911,5186.951009,6604,27337,d__Bacteria,p__Acidobacteriota,Blastocatellia,Pyrinomonadales,f__Pyrinomonadaceae,g__PSRF01,s__,R10_bin.4,4955,13.25933401,2.684157416,3.067608477,4.419778002,0.060544904,3.027245207,18.68819374,0.70950324
R10_bin.9,0,1,1.135831112,R10,Rice,585,14.7,8.34,4.453929,0.541399515,77.32872504,5.947260625,1181,0.861930219,3771.320068,4217,18359,d__Bacteria,p__Binatota,Binatia,UBA9968,f__,g__,s__,R10_bin.9,4572,6.736657918,1.093613298,1.68416448,1.552930884,0.065616798,2.340332459,12.88276465,0.522920204
R11_bin.5,1,1,-0.2858614,R11,Rice,603,14.9,8.19,4.417889,0.386758472,90.32840722,3.070607553,889,0.906726267,4969.503937,6364,36066,d__Bacteria,p__Bacteroidota,Bacteroidia,Chitinophagales,f__Chitinophagaceae,g__UTBCD1,s__,R11_bin.5,4307,14.81309496,2.809380079,2.55398189,4.388205247,0.139308103,4.922219643,17.18133271,0.862162162
R12_bin.14,0,1,-3.452346082,R12,Rice,510,13.4,7.78,3.186333,0.659509537,82.28599179,6.04020979,780,0.916988275,4085.042308,4782,25715,d__Bacteria,p__Proteobacteria,Alphaproteobacteria,Rhodobacterales,f__Rhodobacteraceae,g__Tabrizicola,s__,R12_bin.14,3649,6.27569197,1.096190736,1.863524252,1.425047959,0.082214305,1.808714716,13.42833653,0.467346939
R12_bin.18,0,1,0,R12,Rice,510,13.4,7.78,4.205824,0.527966933,98.68663594,0.64516129,315,0.905976807,13351.82222,21177,89694,d__Bacteria,p__Desulfobacterota,Desulfobacteria,Desulfobacterales,f__Desulfatirhabdiaceae,g__RAAP-1,s__,R12_bin.18,3806,4.86074619,0.551760378,1.681555439,1.445086706,0.105097215,1.077246453,17.28849185,0.281155015
R12_bin.26,1,1,0,R12,Rice,510,13.4,7.78,3.816527,0.375917686,98.60335196,1.675977654,249,0.92721,15327.41767,30614,96397,d__Bacteria,p__Bacteroidota,Ignavibacteria,Ignavibacteriales,f__Ignavibacteriaceae,g__UBA6490,s__,R12_bin.26,3267,16.83501684,3.275176003,2.662993572,5.295378023,0.244872972,5.356596266,22.31404959,0.754458162
R12_bin.27,0,1,0,R12,Rice,510,13.4,7.78,4.351114,0.436132908,89.15873016,7.306878307,848,0.926045376,5131.03066,6480,26029,d__Bacteria,p__Bacteroidota,Bacteroidia,Bacteroidales,f__UBA5072,g__UBA5072,s__,R12_bin.27,3916,16.36874362,2.885597548,2.477017364,5.31154239,0.025536261,5.669050051,20.40347293,0.802252816
R12_bin.34,1,1,0,R12,Rice,510,13.4,7.78,3.242822,0.683411239,81.2406554,2.007168459,772,0.888918972,4200.546632,4979,19110,d__Bacteria,p__Desulfobacterota,Desulfarculia,Desulfarculales,f__Desulfarculaceae,g__,s__,R12_bin.34,3144,4.421119593,0.445292622,1.622137405,0.890585242,0.159033079,1.304071247,17.27099237,0.255985267
R12_bin.5,0,1,0,R12,Rice,510,13.4,7.78,3.131519,0.506284011,96.2962963,5.317460317,420,0.932285897,7455.997619,10001,48570,d__Bacteria,p__Bacteroidota,Bacteroidia,Bacteroidales,f__vadinHA17,g__SR-FBR-E99,s__,R12_bin.5,2797,16.05291384,2.717196997,3.396496245,5.18412585,0.107257776,4.647836968,19.19914194,0.83612663
R13_bin.12,0,1,-1.840299384,R13,Rice,1311,16.7,5.07,3.429537,0.685014916,85.02264493,6.294283414,624,0.927365706,5496.052885,6685,39281,d__Bacteria,p__Proteobacteria,Gammaproteobacteria,Steroidobacterales,f__Steroidobacteraceae,g__13-2-20CM-66-19,s__,R13_bin.12,3448,8.961716937,1.363109049,2.436194895,3.0162413,0.116009281,2.030162413,15.25522042,0.587452471
R13_bin.14,1,1,-0.755357214,R13,Rice,1311,16.7,5.07,4.100303,0.610789251,80.2730273,4.378437844,955,0.858975788,4293.510995,5192,29633,d__Bacteria,p__Chloroflexota,Ktedonobacteria,Ktedonobacterales,f__,g__,s__,R13_bin.14,3515,10.24182077,2.048364153,2.588904694,2.759601707,0.056899004,2.788051209,15.9886202,0.640569395
R13_bin.21,1,1,-0.59098595,R13,Rice,1311,16.7,5.07,2.71195,0.326017073,99.22752809,0.127073301,87,0.838526153,31171.83908,51730,152225,d__Bacteria,p__Firmicutes,Bacilli,Staphylococcales,f__Staphylococcaceae,g__Staphylococcus,s__Staphylococcus aureus,R13_bin.21,2567,7.440592131,1.207635372,2.181534866,1.830931048,0.03895598,2.181534866,13.82937281,0.538028169
R13_bin.8,1,1,0,R13,Rice,1311,16.7,5.07,3.920694,0.529765649,92.3132969,8.706739526,595,0.90440723,6589.401681,8855,42371,d__Bacteria,p__Bacteroidota,UBA10030,UBA10030,f__UBA10030,g__,s__,R13_bin.8,3475,14.18705036,2.676258993,2.762589928,4.17266187,0.115107914,4.460431655,19.36690647,0.732540862
R15_bin.20,0,1,-1.406078235,R15,Rice,944,15.5,5.6,2.63992,0.69918293,71.72925114,1.748251748,404,0.949770448,6534.455446,8254,31727,d__Bacteria,p__Gemmatimonadota,Gemmatimonadetes,Gemmatimonadales,f__GWC2-71-9,g__,s__,R15_bin.20,2675,11.77570093,2.093457944,2.915887851,4.29906542,0,2.46728972,17.04672897,0.690789473
R15_bin.22,0,1,0.677928603,R15,Rice,944,15.5,5.6,1.776222,0.639426828,71.32772095,0.958702065,411,0.930683777,4321.708029,5129,19172,d__Bacteria,p__Proteobacteria,Alphaproteobacteria,Sphingomonadales,f__Sphingomonadaceae,g__Sphingomonas_A,s__,R15_bin.22,2036,5.157170923,0.834970531,1.620825148,1.473477406,0.049115914,1.178781926,11.64047151,0.443037975
R16_bin.4,1,1,0,R16,Rice,1266,17.1,7.26,3.94959,0.370249317,96.28899836,2.780514505,633,0.885227581,6239.478673,9087,34950,d__Bacteria,p__Bacteroidota,Bacteroidia,Chitinophagales,f__Chitinophagaceae,g__,s__,R16_bin.4,3748,11.49946638,1.760939167,2.668089648,3.33511206,0.106723586,3.628601921,14.86125934,0.773788151
R17_bin.10,0,1,-1.272039204,R17,Rice,841,15.9,6.52,6.119554,0.571546227,97.57834758,5.608974359,488,0.871576262,12540.06967,23441,97327,d__Bacteria,p__Acidobacteriota,Acidobacteriae,Acidobacteriales,f__Koribacteraceae,g__TOLSYN,s__,R17_bin.10,5254,10.71564522,1.808146174,2.740768938,2.64560335,0.019033118,3.502093643,16.21621622,0.660798122
R17_bin.13,1,1,-1.183696008,R17,Rice,841,15.9,6.52,5.997741,0.571344445,95.91642925,1.816239316,206,0.881854351,29115.24757,51546,177264,d__Bacteria,p__Acidobacteriota,Acidobacteriae,Acidobacteriales,f__Koribacteraceae,g__Sulfotelmatobacter,s__,R17_bin.13,4959,13.40996169,2.52066949,2.702157693,3.811252269,0.020165356,4.355716878,17.68501714,0.758266819
R17_bin.19,0,1,-0.144315467,R17,Rice,841,15.9,6.52,5.669583,0.550154923,93.10291859,6.820276498,1049,0.876542949,5404.750238,6496,32563,d__Bacteria,p__Binatota,Binatia,UBA9968,f__,g__,s__,R17_bin.19,5673,6.292966684,1.040014103,1.72748105,1.586462189,0.035254715,1.903754627,12.28626829,0.512195122
R17_bin.2,0,1,-1.304846961,R17,Rice,841,15.9,6.52,5.760556,0.647055076,87.73481421,7.842157842,1080,0.921736548,5333.848148,6664,33917,d__Bacteria,p__Gemmatimonadota,Gemmatimonadetes,Gemmatimonadales,f__Gemmatimonadaceae,g__AG2,s__,R17_bin.2,5302,14.82459449,3.451527725,3.07431158,4.300264052,0,3.998491135,16.71067522,0.887133183
R17_bin.21,0,1,0.116061098,R17,Rice,841,15.9,6.52,2.634211,0.638489096,92.01126307,3.112094395,426,0.918615859,6183.593897,8261,45179,d__Bacteria,p__Proteobacteria,Alphaproteobacteria,Sphingomonadales,f__Sphingomonadaceae,g__Sphingomonas_A,s__,R17_bin.21,2838,5.426356589,0.775193799,1.585623678,1.691331923,0.070472163,1.303735024,12.82593376,0.423076923
R17_bin.22,1,1,-0.923183972,R17,Rice,841,15.9,6.52,3.957595,0.685558527,92.34517303,8.035056045,1003,0.911724924,3945.757727,4474,27288,d__Bacteria,p__Proteobacteria,Gammaproteobacteria,Burkholderiales,f__Palsa-1005,g__PALSA-1003,s__,R17_bin.22,4136,6.866537718,1.233075435,1.789168279,1.982591876,0.02417795,1.837524177,15.35299807,0.447244094
R17_bin.28,1,1,-1.312367866,R17,Rice,841,15.9,6.52,3.249122,0.699746885,95.53975436,3.296703297,226,0.951538908,14376.64602,24633,97293,d__Bacteria,p__Gemmatimonadota,Gemmatimonadetes,Gemmatimonadales,f__GWC2-71-9,g__,s__,R17_bin.28,3077,11.82970426,2.144946376,2.892427689,4.419889503,0,2.372440688,17.4520637,0.677839851
R17_bin.6,0,1,-0.791990114,R17,Rice,841,15.9,6.52,4.91901,0.690375096,96.5509711,3.991328577,346,0.943646181,14216.79191,22089,75617,d__Bacteria,p__Proteobacteria,Gammaproteobacteria,Burkholderiales,f__UKL13-2,g__GR16-43,s__,R17_bin.6,4608,8.224826389,1.627604167,2.170138888,2.5390625,0.086805556,1.801215278,16.36284722,0.50265252
R17_bin.7,1,1,-1.934553554,R17,Rice,841,15.9,6.52,3.662403,0.697837458,100,1.282051282,202,0.932832897,18130.70792,28838,118733,d__Bacteria,p__Eisenbacteria,RBG-16-71-46,SZUA-252,f__SZUA-252,g__,s__,R17_bin.7,3054,13.49050426,3.012442698,3.17616241,4.55140799,0,2.750491159,18.79502292,0.717770035
R17_bin.8,0,1,-0.887419381,R17,Rice,841,15.9,6.52,3.669313,0.71287459,78.62068966,1.724137931,797,0.931319296,4603.905897,5680,21017,d__Bacteria,p__Proteobacteria,Gammaproteobacteria,Burkholderiales,f__Burkholderiaceae,g__,s__,R17_bin.8,3913,6.618962433,0.996677742,1.814464606,1.993355482,0.102223358,1.712241248,14.64349604,0.452006981
R18_bin.11,0,1,-1.291282563,R18,Rice,1471,17.8,5.81,3.272257,0.684747561,87.51548702,2.980059572,349,0.950968093,9376.094556,12876,60190,d__Bacteria,p__Proteobacteria,Gammaproteobacteria,Burkholderiales,f__SG8-39,g__SG8-39,s__,R18_bin.11,3451,6.288032454,1.101130107,2.057374673,2.086351782,0.115908432,0.927267458,14.37264561,0.4375
R18_bin.15,0,1,-3.184082712,R18,Rice,1471,17.8,5.81,2.928911,0.709936219,71.98361823,4.558404558,892,0.95043721,3283.532511,3651,13435,d__Bacteria,p__Acidobacteriota,Thermoanaerobaculia,UBA5066,f__UBA5066,g__Fen-183,s__,R18_bin.15,2941,16.72900374,3.876232574,3.876232574,5.848350901,0.06800408,3.060183612,17.61305678,0.94980695
R19_bin.2,0,1,-1.585794756,R19,Rice,1564,16.7,5.2,2.949626,0.711394597,89.92673993,5.044955045,623,0.936993707,4734.552167,5904,29818,d__Bacteria,p__Gemmatimonadota,Gemmatimonadetes,Gemmatimonadales,f__GWC2-71-9,g__,s__,R19_bin.2,3076,9.362808843,1.788036411,2.600780235,3.315994799,0,1.6579974,14.69440832,0.637168142
R19_bin.6,0,1,0.737151467,R19,Rice,1564,16.7,5.2,2.457117,0.654446247,81.02372795,7.371398716,664,0.93951448,3700.47741,4165,18569,d__Bacteria,p__Proteobacteria,Gammaproteobacteria,Xanthomonadales,f__Rhodanobacteraceae,g__Rudaea,s__,R19_bin.6,2642,10.21953066,2.233156699,2.838758517,3.444360333,0.037850114,1.665404995,15.70779712,0.65060241
R19_bin.9,0,0,-0.413243974,R19,Rice,1564,16.7,5.2,2.706023,0.327172385,97.9391629,1.392441828,148,0.842640288,18283.93919,30242,136048,d__Bacteria,p__Firmicutes,Bacilli,Staphylococcales,f__Staphylococcaceae,g__Staphylococcus,s__Staphylococcus aureus,R19_bin.9,2622,6.52173913,0.953470633,2.021357742,1.487414188,0.038138825,2.021357741,13.50114416,0.483050848
R21_bin.13,0,0,-0.43011981,R21,Rice,1713,17.6,5.4,2.736839,0.326418543,99.10408363,0.784191767,145,0.844712458,18874.75172,39337,137991,d__Bacteria,p__Firmicutes,Bacilli,Staphylococcales,f__Staphylococcaceae,g__Staphylococcus,s__Staphylococcus aureus,R21_bin.13,2668,6.484257871,0.974512744,2.061469265,1.461769115,0.037481259,1.949025488,13.60569715,0.476584022
R21_bin.7,0,1,-2.60847085,R21,Rice,1713,17.6,5.4,2.356177,0.613489564,84.13043478,3.085638999,312,0.927577173,7551.849359,9538,45356,d__Bacteria,p__Proteobacteria,Alphaproteobacteria,UBA1301,f__UBA1301,g__UBA6038,s__,R21_bin.7,2459,5.734038227,0.772671818,1.46400976,2.19601464,0.325335502,0.976006507,13.05408703,0.439252336
R21_bin.9,0,1,-1.600853437,R21,Rice,1713,17.6,5.4,2.124947,0.714782533,80.83485142,2.262443439,433,0.94491392,4907.498845,5524,23857,d__Bacteria,p__Gemmatimonadota,Gemmatimonadetes,Gemmatimonadales,f__GWC2-71-9,g__,s__,R21_bin.9,2249,9.026233882,1.645175633,2.623388173,3.112494443,0,1.645175634,14.62872388,0.617021276
R23_bin.6,0,0,-0.812898244,R23,Rice,903,14.5,7.84,2.812366,0.325709385,98.96000535,0.642054575,79,0.842109811,35599.56962,61606,184266,d__Bacteria,p__Firmicutes,Bacilli,Staphylococcales,f__Staphylococcaceae,g__Staphylococcus,s__Staphylococcus aureus,R23_bin.6,2707,6.908016254,0.997414112,2.105652013,1.662356853,0.036941263,2.105652013,13.5205024,0.510928962
R24_bin.10,0,1,0,R24,Rice,1236,16.2,7.72,3.990087,0.637477829,93.33333333,4.897593446,711,0.942756637,5611.936709,7247,46029,d__Bacteria,p__Myxococcota,Polyangia,Polyangiales,f__SG8-38,g__SG8-38,s__,R24_bin.10,3991,11.87672263,2.430468555,2.931596091,4.334753195,0.225507392,1.954397394,15.61012278,0.760834671
R24_bin.12,0,1,-5.207411427,R24,Rice,1236,16.2,7.72,1.948198,0.686146891,86.0235761,8.771008403,520,0.935918731,3746.534615,4276,20229,d__Bacteria,p__MBNT15,MBNT15,MBNT15,f__MBNT15,g__,s__,R24_bin.12,2186,8.005489478,1.235132662,2.653247941,2.104300091,0.137236962,1.87557182,14.8673376,0.538461539
R24_bin.2,1,0,-0.35656134,R24,Rice,1236,16.2,7.72,2.58663,0.324872904,92.27734983,1.959008892,402,0.833627539,6434.402985,9161,44547,d__Bacteria,p__Firmicutes,Bacilli,Staphylococcales,f__Staphylococcaceae,g__Staphylococcus,s__Staphylococcus aureus,R24_bin.2,2702,5.958549223,0.851221318,1.961509993,1.369356034,0.037009623,1.739452259,12.95336788,0.46
R25_bin.15,0,0,-0.615739674,R25,Rice,1056,16.6,7.2,2.614511,0.328424321,93.46372771,1.114591893,219,0.840896825,11938.40639,19996,85441,d__Bacteria,p__Firmicutes,Bacilli,Staphylococcales,f__Staphylococcaceae,g__Staphylococcus,s__Staphylococcus aureus,R25_bin.15,2578,6.904577192,1.008533748,2.055857255,1.6291699,0.03878976,2.172226533,13.77036462,0.501408451
R25_bin.17,0,1,-1.350001032,R25,Rice,1056,16.6,7.2,5.717468,0.567509079,72.91073124,5.128205128,1399,0.882071399,4086.824875,4648,19690,d__Bacteria,p__Acidobacteriota,Blastocatellia,UBA7656,f__UBA7656,g__,s__,R25_bin.17,5159,16.37914324,3.682884279,3.663500679,5.815080442,0.058150804,3.15952704,17.17387091,0.953724604
R25_bin.9,1,1,-0.410206453,R25,Rice,1056,16.6,7.2,5.376306,0.701216597,89.1025641,6.860161443,607,0.931174118,8857.176277,13020,55374,d__Bacteria,p__Methylomirabilota,Methylomirabilia,Rokubacteriales,f__GWA2-73-35,g__AR37,s__,R25_bin.9,5409,6.02699205,0.81345905,1.811795157,1.737844333,0.092438528,1.571454983,16.9347384,0.355895196
R26_bin.13,0,1,-2.009048965,R26,Rice,1085,17.9,6.75,3.102073,0.706800904,84.44101509,7.757201646,594,0.929924924,5222.345118,6747,26323,d__Bacteria,p__Proteobacteria,Gammaproteobacteria,Burkholderiales,f__Burkholderiaceae,g__,s__,R26_bin.13,3224,5.769230769,0.837468983,1.861042184,1.581885856,0.062034739,1.426799008,13.74069479,0.41986456
R26_bin.5,0,1,0,R26,Rice,1085,17.9,6.75,3.16929,0.541421265,82.90598291,3.4662868,522,0.915869485,6071.436782,7667,21770,d__Bacteria,p__Acidobacteriota,Blastocatellia,Pyrinomonadales,f__Pyrinomonadaceae,g__OLB17,s__,R26_bin.5,3057,12.33235198,2.780503762,3.238469088,4.41609421,0.032711809,1.864573111,15.01472031,0.821350763
R26_bin.7,0,1,-3.338272734,R26,Rice,1085,17.9,6.75,5.553025,0.661279573,87.52688172,6.044546851,683,0.906672129,8130.34407,10603,35647,d__Bacteria,p__Binatota,Binatia,HRBIN30,f__,g__,s__,R26_bin.7,4728,11.46362098,2.326565144,2.495769881,3.278341793,0.232656514,3.130287648,18.46446701,0.620847652
R26_bin.9,0,1,-0.88480309,R26,Rice,1085,17.9,6.75,2.027676,0.618020335,88.15634218,2.994291844,284,0.931215835,7139.704225,9066,47470,d__Bacteria,p__Proteobacteria,Alphaproteobacteria,Sphingomonadales,f__Sphingomonadaceae,g__Sphingomonas_A,s__,R26_bin.9,2165,5.866050808,0.739030023,2.032332564,1.755196305,0.092378753,1.247113164,12.05542725,0.486590038
R28_bin.1,0,0,-0.416723267,R28,Rice,977,14.2,7.8,2.292839,0.328333128,87.2025085,2.986656183,420,0.834148843,5459.140476,6708,33339,d__Bacteria,p__Firmicutes,Bacilli,Staphylococcales,f__Staphylococcaceae,g__Staphylococcus,s__Staphylococcus aureus,R28_bin.1,2437,6.483381206,1.107919574,2.010668855,1.354123922,0.041034058,1.969634797,12.84366024,0.504792332
R28_bin.13,0,1,0,R28,Rice,977,14.2,7.8,3.669431,0.63811065,85.92677931,5.552995392,889,0.941562602,4127.593926,4987,20018,d__Bacteria,p__Myxococcota,Polyangia,Polyangiales,f__SG8-38,g__SG8-38,s__,R28_bin.13,3822,11.64311879,2.459445317,2.825745684,4.395604395,0.235478807,1.726844584,15.22762951,0.764604811
R31_bin.1,0,0,-1.187970059,R31,Rice,1586,24.1,7.32,2.652077,0.325937746,98.66573034,0.080256822,43,0.838129888,61676.2093,107915,263219,d__Bacteria,p__Firmicutes,Bacilli,Staphylococcales,f__Staphylococcaceae,g__Staphylococcus,s__Staphylococcus aureus,R31_bin.1,2463,7.105156313,0.974421437,2.192448234,1.705237515,0.040600893,2.192448234,14.21031263,0.5
R32_bin.1,1,1,-4.719693843,R32,Rice,1724,19.2,6.42,2.903505,0.490778903,93.63636364,7.353535354,627,0.894043923,4630.789474,5757,22155,d__Bacteria,p__Nitrospirota,Thermodesulfovibrionia,Thermodesulfovibrionales,f__UBA6898,g__GW-Nitrospira-1,s__,R32_bin.1,3037,5.400065854,0.526835693,2.271978926,1.448798155,0.098781692,1.053671385,15.21238064,0.354978355
R32_bin.6,0,1,-4.306582777,R32,Rice,1724,19.2,6.42,2.284364,0.488791629,80.42807958,6.235632184,501,0.899968219,4559.608782,5420,33337,d__Bacteria,p__Firmicutes_A,Clostridia,Clostridiales,f__Clostridiaceae,g__UBA699,s__,R32_bin.6,2513,6.764822921,0.915240748,2.506963788,1.39275766,0,1.949860724,12.65419817,0.534591195
R33_bin.4,0,1,-2.065508005,R33,Rice,1869,22,6.05,3.72303,0.69037585,70.38936372,6.25,1293,0.932298961,2879.37355,2954,27606,d__Bacteria,p__Acidobacteriota,Vicinamibacteria,Vicinamibacterales,f__,g__,s__,R33_bin.4,3812,15.00524659,3.121720881,2.78069255,4.564533054,0.052465897,4.485834208,17.70724029,0.847407408
R34_bin.14,0,1,-0.119259558,R34,Rice,1686,22.8,5.46,2.790731,0.702658551,71.49273346,2.516233766,724,0.906647756,3854.600829,4441,19202,d__Bacteria,p__Proteobacteria,Alphaproteobacteria,Caulobacterales,f__Caulobacteraceae,g__Palsa-881,s__,R34_bin.14,3003,7.192807193,0.965700965,2.031302031,2.131202131,0.266400266,1.798201799,14.41891442,0.498845266
R34_bin.17,0,1,-5.504639715,R34,Rice,1686,22.8,5.46,2.913099,0.501138478,78.27751196,7.001594896,602,0.876698664,4839.034884,5684,18653,d__Bacteria,p__Nitrospirota,Thermodesulfovibrionia,Thermodesulfovibrionales,f__UBA6898,g__Sulfobium,s__,R34_bin.17,3108,5.952380952,0.74002574,2.445302445,1.608751609,0,1.158301158,15.63706564,0.380658436
R34_bin.18,0,1,-2.58874535,R34,Rice,1686,22.8,5.46,3.205272,0.614770915,94.79710145,4.60888387,613,0.916787717,5228.828711,6626,26516,d__Bacteria,p__Proteobacteria,Alphaproteobacteria,UBA1301,f__UBA1301,g__UBA6038,s__,R34_bin.18,3390,6.135693215,0.973451327,1.592920354,2.03539823,0.353982301,1.179941003,13.33333333,0.460176991
R34_bin.19,0,1,-2.782751461,R34,Rice,1686,22.8,5.46,3.131244,0.607020085,87.95783926,5.459815547,337,0.915445427,9291.525223,13644,56702,d__Bacteria,p__Proteobacteria,Alphaproteobacteria,UBA1301,f__UBA1301,g__UBA6038,s__,R34_bin.19,3153,6.787186806,0.856327307,1.839517919,2.50555027,0.285442436,1.300348874,12.97177291,0.523227384
R34_bin.2,1,1,-2.981591316,R34,Rice,1686,22.8,5.46,3.221191,0.669043531,87.62464387,3.94705603,862,0.919664186,3736.88051,4314,18873,d__Bacteria,p__Acidobacteriota,Thermoanaerobaculia,UBA5066,f__Gp7-AA6,g__,s__,R34_bin.2,3273,13.2294531,3.085853956,2.841429882,5.25511763,0.091659028,1.955392607,16.31530706,0.810861423
R34_bin.21,0,1,-3.701787202,R34,Rice,1686,22.8,5.46,2.657866,0.642225003,87.75372395,7.379412936,604,0.886486,4400.440397,5316,34871,d__Bacteria,p__Proteobacteria,Gammaproteobacteria,Pseudomonadales,f__Moraxellaceae,g__,s__,R34_bin.21,2569,6.850914753,0.934215648,2.101985208,2.296613468,0.19462826,1.323472168,15.37563254,0.44556962
R34_bin.23,0,1,-5.00197461,R34,Rice,1686,22.8,5.46,2.69344,0.49238149,93.63636364,3.818181818,463,0.876668498,5817.365011,7474,35292,d__Bacteria,p__Nitrospirota,Thermodesulfovibrionia,Thermodesulfovibrionales,f__UBA6898,g__Sulfobium,s__,R34_bin.23,2743,5.322639446,0.692672256,1.895734598,1.385344514,0.036456435,1.312431644,15.31170252,0.347619048
R34_bin.24,0,1,-2.589437623,R34,Rice,1686,22.8,5.46,2.765377,0.612675595,81.57644824,0.854700855,185,0.887493098,14947.98378,22371,76810,d__Bacteria,p__Acidobacteriota,Acidobacteriae,Acidobacteriales,f__Koribacteraceae,g__,s__,R34_bin.24,2464,7.386363636,1.582792208,1.74512987,1.501623377,0,2.556818182,14.61038961,0.505555556
R34_bin.6,1,1,-1.008004774,R34,Rice,1686,22.8,5.46,5.092226,0.710243811,94.30107527,4.516129032,403,0.919237284,12635.79653,20429,66247,d__Bacteria,p__Binatota,Binatia,UTPRO1,f__,g__,s__,R34_bin.6,4806,8.343736995,1.435705368,2.059925093,2.14315439,0.24968789,2.455264252,17.51976696,0.476247031
R35_bin.1,0,1,-0.578627196,R35,Rice,1320,25.7,6.26,2.40336,0.728614939,79.88776655,4.372427984,571,0.921401288,4209.036778,5248,20674,d__Bacteria,p__Chloroflexota_A,Ellin6529,CSP1-4,f__CSP1-4,g__CSP1-4,s__,R35_bin.1,2442,7.452907453,1.392301393,2.170352172,1.883701884,0.040950041,1.965601966,14.82391482,0.502762431
R35_bin.10,0,1,1.000626049,R35,Rice,1320,25.7,6.26,2.932045,0.679814941,92.72884283,3.493708364,299,0.933889146,9806.170569,14407,53933,d__Bacteria,p__Actinobacteriota,Actinobacteria,Propionibacteriales,f__Nocardioidaceae,g__,s__,R35_bin.10,2930,6.450511945,1.09215017,1.979522185,1.911262798,0.136518771,1.331058019,14.67576792,0.439534884
R35_bin.12,0,1,0.502293776,R35,Rice,1320,25.7,6.26,3.607662,0.692960427,75.34482759,3.448275862,520,0.901189746,6937.811538,9940,39230,d__Bacteria,p__Proteobacteria,Gammaproteobacteria,Xanthomonadales,f__Rhodanobacteraceae,g__Rhodanobacter,s__,R35_bin.12,3524,9.506242906,1.418842224,2.752553915,3.064699204,0.056753689,2.213393871,16.0045403,0.593971631
R35_bin.17,0,1,0.259509064,R35,Rice,1320,25.7,6.26,2.377288,0.659089265,83.07704095,6.312684366,534,0.935770929,4451.850187,5273,40149,d__Bacteria,p__Proteobacteria,Alphaproteobacteria,Sphingomonadales,f__Sphingomonadaceae,g__Sphingomonas_A,s__,R35_bin.17,2665,6.716697936,1.013133208,1.726078799,1.463414635,0.075046904,2.43902439,13.8836773,0.483783784
R35_bin.7,1,1,1.011510742,R35,Rice,1320,25.7,6.26,3.876559,0.725993852,93.48013817,8.644214162,530,0.928966127,7314.262264,9785,33437,d__Bacteria,p__Actinobacteriota,Actinobacteria,Propionibacteriales,f__Nocardioidaceae,g__,s__,R35_bin.7,4047,6.548060292,1.210773412,2.100321225,1.65554732,0.098838646,1.482579688,14.03508772,0.466549296
R36_bin.12,1,1,-0.598434942,R36,Rice,1542,21.6,5.38,3.090642,0.524105995,80.6362773,4.326923077,729,0.912646628,4239.563786,4848,19904,d__Bacteria,p__Acidobacteriota,Blastocatellia,Pyrinomonadales,f__Pyrinomonadaceae,g__,s__,R36_bin.12,3097,11.39812722,2.421698417,2.680012916,3.584113658,0.064578624,2.647723603,15.75718437,0.723360656
R36_bin.13,1,1,-1.136398107,R36,Rice,1542,21.6,5.38,1.311091,0.418958715,73.11912226,0,56,0.9107438,23412.33929,36566,118498,d__Bacteria,p__Patescibacteria,Microgenomatia,Levybacterales,f__GWA1-39-11,g__,s__,R36_bin.13,1089,10.00918274,2.020202021,3.581267218,1.744719926,0.091827365,2.571166208,19.19191919,0.521531101
R36_bin.18,0,1,-1.133641538,R36,Rice,1542,21.6,5.38,4.309332,0.582107389,93.5154827,4.148037755,738,0.916055203,5839.203252,7171,33435,d__Bacteria,p__Bacteroidota,UBA10030,UBA10030,f__UBA6906,g__,s__,R36_bin.18,3696,20.96861472,4.329004329,3.138528139,5.979437229,0.135281385,7.386363637,24.75649351,0.846994535
R36_bin.19,0,0,-1.602917343,R36,Rice,1542,21.6,5.38,2.674052,0.326537779,98.20911766,0.253753187,135,0.840442893,19807.79259,34880,150280,d__Bacteria,p__Firmicutes,Bacilli,Staphylococcales,f__Staphylococcaceae,g__Staphylococcus,s__Staphylococcus aureus,R36_bin.19,2568,6.697819315,0.895638629,2.102803739,1.557632399,0.03894081,2.102803739,13.6682243,0.49002849
R36_bin.23,0,1,0.192761841,R36,Rice,1542,21.6,5.38,2.428504,0.638372018,85.09711527,4.896755162,440,0.921336757,5519.327273,7019,34127,d__Bacteria,p__Proteobacteria,Alphaproteobacteria,Sphingomonadales,f__Sphingomonadaceae,g__Sphingomonas_A,s__,R36_bin.23,2667,6.336707912,0.97487814,1.837270341,1.987251594,0.074990626,1.462317211,12.97337833,0.488439306
R36_bin.24,0,1,-1.047932349,R36,Rice,1542,21.6,5.38,3.461346,0.695241967,94.70469863,5.516613455,532,0.923562683,6506.289474,8829,38513,d__Bacteria,p__Proteobacteria,Gammaproteobacteria,Burkholderiales,f__Palsa-1005,g__PALSA-1003,s__,R36_bin.24,3491,6.187338871,1.002578058,1.747350328,1.804640504,0.028645087,1.604124893,14.95273561,0.413793103
R36_bin.25,1,1,-0.751359073,R36,Rice,1542,21.6,5.38,2.931327,0.446507674,96.22747748,1.801801802,341,0.915916921,8596.266862,11671,41230,d__Bacteria,p__Bdellovibrionota,Bdellovibrionia,Bdellovibrionales,f__Bdellovibrionaceae,g__Bdellovibrio,s__,R36_bin.25,2900,8,1.689655172,2.344827586,2.344827586,0.034482759,1.586206897,13.75862069,0.581453634
R36_bin.30,1,1,-0.754675048,R36,Rice,1542,21.6,5.38,4.884663,0.597154399,90.48604349,5.920118911,668,0.847374118,7312.36976,9714,83199,d__Bacteria,p__Proteobacteria,Alphaproteobacteria,Rhizobiales,f__Xanthobacteraceae,g__Pseudolabrys,s__,R36_bin.30,4855,5.334706488,0.762100927,1.812564367,1.421215243,0.041194645,1.297631309,13.38825953,0.398461538
R36_bin.4,0,1,-0.621460536,R36,Rice,1542,21.6,5.38,7.398573,0.683450849,91.68714798,4.377880184,963,0.951865718,7682.838006,10162,43538,d__Bacteria,p__Myxococcota,Polyangia,Polyangiales,f__Polyangiaceae,g__,s__,R36_bin.4,6351,20.67390962,5.038576602,4.503227838,8.723035743,0.094473311,2.314596126,16.61155724,1.244549763
R4_bin.4,0,0,-0.771943858,R4,Rice,541,5,6.8,2.510189,0.327004461,95.10919986,1.36204552,302,0.842607867,8311.884106,11569,87033,d__Bacteria,p__Firmicutes,Bacilli,Staphylococcales,f__Staphylococcaceae,g__Staphylococcus,s__Staphylococcus aureus,R4_bin.4,2503,6.432281262,0.878945266,1.95765082,1.478226129,0.039952058,2.077506992,13.42389133,0.479166667
R5_bin.11,1,1,-0.437782331,R5,Rice,411,5.2,9.13,4.207216,0.713087467,82.80172414,4.418103448,373,0.929265101,11279.39946,16399,108566,d__Bacteria,p__Methylomirabilota,Methylomirabilia,Rokubacteriales,f__GWA2-73-35,g__AR37,s__,R5_bin.11,4193,4.746005247,0.476985452,1.764846172,1.407107084,0.143095636,0.953970904,16.71834009,0.283880171
R5_bin.14,1,1,-0.61968133,R5,Rice,411,5.2,9.13,4.905932,0.563355138,96.24881292,1.709401709,135,0.897919294,36340.23704,55441,129965,d__Bacteria,p__Acidobacteriota,Blastocatellia,Pyrinomonadales,f__Pyrinomonadaceae,g__PSRF01,s__,R5_bin.14,3925,12.78980892,2.700636942,3.057324841,4.203821655,0.127388535,2.700636942,18.1910828,0.703081233
R5_bin.19,0,1,0,R5,Rice,411,5.2,9.13,2.570134,0.627065359,71.04463438,1.377018044,754,0.924910919,3408.665782,3769,14794,d__Bacteria,p__Actinobacteriota,Acidimicrobiia,UBA5794,f__ZC4RG35,g__SZUA-217,s__,R5_bin.19,2919,6.063720452,1.336073998,1.712915382,1.849948613,0.068516615,1.096265845,12.94964029,0.468253968
R5_bin.4,0,0,-0.38759959,R5,Rice,411,5.2,9.13,2.646828,0.326699355,98.55524345,0.343907522,85,0.843807758,31139.15294,51739,170012,d__Bacteria,p__Firmicutes,Bacilli,Staphylococcales,f__Staphylococcaceae,g__Staphylococcus,s__Staphylococcus aureus,R5_bin.4,2523,6.817281015,0.990883869,2.179944511,1.545778835,0.039635355,2.061038446,13.87237416,0.491428571
R5_bin.9,0,1,1.148586099,R5,Rice,411,5.2,9.13,1.97468,0.647914092,73.96046431,2.374631268,326,0.918093058,6057.300613,7542,43652,d__Bacteria,p__Proteobacteria,Alphaproteobacteria,Sphingomonadales,f__Sphingomonadaceae,g__Sphingomonas_A,s__,R5_bin.9,2244,6.32798574,1.069518716,1.604278075,2.272727273,0.178253119,1.203208556,12.65597148,0.5
R6_bin.12,0,0,-0.685642841,R6,Rice,577,9.4,8.08,2.617993,0.327352671,94.75253734,6.147615172,484,0.841352517,5409.076446,7132,42153,d__Bacteria,p__Firmicutes,Bacilli,Staphylococcales,f__Staphylococcaceae,g__Staphylococcus,s__Staphylococcus aureus,R6_bin.12,2736,6.469298246,0.91374269,2.010233918,1.498538012,0.036549708,2.010233918,13.12134503,0.493036212
R6_bin.14,1,1,-6.176711732,R6,Rice,577,9.4,8.08,2.532596,0.461252801,87.34217172,5.888888889,567,0.86167395,4466.659612,5245,20726,d__Bacteria,p__Nitrospirota,Thermodesulfovibrionia,UBA6902,f__UBA6902,g__,s__,R6_bin.14,2633,6.456513483,1.139384733,1.974933536,1.709077099,0,1.633118116,13.29282188,0.485714286
R6_bin.5,1,1,0,R6,Rice,577,9.4,8.08,3.943293,0.637220719,90.89093702,2.119815668,618,0.940322213,6380.73301,8342,43498,d__Bacteria,p__Myxococcota,Polyangia,Polyangiales,f__SG8-38,g__SG8-38,s__,R6_bin.5,3932,11.72431333,2.390640895,2.873855544,4.374364191,0.17802645,1.907426246,15.41200407,0.760726073
R7_bin.1,0,1,0.493087231,R7,Rice,631,12.3,8.06,2.569011,0.645550369,98.70340574,1.224380339,123,0.922850077,20886.26829,44700,139946,d__Bacteria,p__Proteobacteria,Alphaproteobacteria,Sphingomonadales,f__Sphingomonadaceae,g__Sphingomonas_A,s__,R7_bin.1,2642,6.283118849,0.757002271,2.006056018,2.119606359,0.113550341,1.286903861,13.58819076,0.462395543
R7_bin.11,0,1,-0.810303824,R7,Rice,631,12.3,8.06,2.881542,0.732067414,88.64370923,6.043956044,275,0.938781736,10478.33455,15716,57065,d__Bacteria,p__Gemmatimonadota,Gemmatimonadetes,Gemmatimonadales,f__GWC2-71-9,g__,s__,R7_bin.11,2735,13.19926874,2.925045704,3.40036563,5.009140768,0,1.864716636,15.42961609,0.855450237
R7_bin.14,0,1,-0.304142165,R7,Rice,631,12.3,8.06,3.067982,0.589423602,92.72727273,2.83459596,449,0.903424792,6832.922049,8993,37795,d__Bacteria,p__Nitrospirota,Nitrospiria,Nitrospirales,f__Nitrospiraceae,g__Nitrospira_C,s__,R7_bin.14,3167,6.820334702,1.073571203,1.989264287,2.2734449,0.063151247,1.420903063,15.28260183,0.446280992
R7_bin.19,0,1,-0.065709093,R7,Rice,631,12.3,8.06,2.211991,0.620348365,79.84111022,3.539823009,338,0.925974382,6544.352071,8694,29934,d__Bacteria,p__Proteobacteria,Alphaproteobacteria,Sphingomonadales,f__Sphingomonadaceae,g__Sphingomonas_A,s__,R7_bin.19,2389,6.027626622,0.627877773,2.092925911,1.799916282,0.209292591,1.297614065,13.01799916,0.463022508
R7_bin.5,1,1,-2.565729277,R7,Rice,631,12.3,8.06,2.938054,0.661595736,79.88023349,5.027173913,651,0.929744314,4513.139785,5477,21249,d__Bacteria,p__Proteobacteria,Gammaproteobacteria,Xanthomonadales,f__SZUA-36,g__,s__,R7_bin.5,3048,7.447506562,1.476377953,2.16535433,2.034120735,0.065616798,1.706036746,14.17322835,0.525462963
R7_bin.8,0,1,-0.245926881,R7,Rice,631,12.3,8.06,2.386403,0.659249506,77.08591943,2.05371248,164,0.957552014,14551.2378,20287,77449,d__Bacteria,p__Proteobacteria,Gammaproteobacteria,Burkholderiales,f__SG8-39,g__SCGC-AG-212-J23,s__,R7_bin.8,2545,6.247544204,0.707269155,2.239685658,1.886051081,0.117878193,1.296660118,15.2848723,0.40874036
R8_bin.5,0,1,0.424356819,R8,Rice,205,8.9,8.44,3.88912,0.659574402,90.14118793,2.132701422,604,0.952606502,6438.940397,8489,37835,d__Bacteria,p__Proteobacteria,Gammaproteobacteria,Burkholderiales,f__SG8-39,g__SCGC-AG-212-J23,s__,R8_bin.5,4340,7.142857143,1.059907835,2.027649769,2.465437788,0.115207373,1.474654378,14.10138249,0.506535948
R9_bin.14,0,1,-3.299201289,R9,Rice,587,12.5,8.38,3.419894,0.630472757,88.07003686,5.201986008,495,0.907033083,6908.876768,9434,43068,d__Bacteria,p__Proteobacteria,Gammaproteobacteria,Burkholderiales,f__SG8-41,g__Ga0077527,s__,R9_bin.14,3620,5.497237569,1.077348067,1.436464088,1.82320442,0.055248619,1.104972376,11.85082873,0.463869464
R9_bin.19,0,1,-2.156949256,R9,Rice,587,12.5,8.38,2.437782,0.698488216,80.41694911,4.834875265,473,0.929807095,5153.87315,6363,33292,d__Bacteria,p__Proteobacteria,Gammaproteobacteria,Steroidobacterales,f__Steroidobacteraceae,g__SG8-30,s__,R9_bin.19,2482,7.937147462,1.289282836,2.215954875,2.61885576,0.080580177,1.732473812,13.21514907,0.600609756
R9_bin.7,1,1,-0.354434753,R9,Rice,587,12.5,8.38,2.214747,0.625992946,87.97360457,8.532448378,486,0.927347909,4557.092593,5606,24165,d__Bacteria,p__Proteobacteria,Alphaproteobacteria,Sphingomonadales,f__Sphingomonadaceae,g__Sphingomonas_A,s__,R9_bin.7,2540,5.078740157,0.590551181,1.929133858,1.653543307,0.118110236,0.787401574,11.92913386,0.425742574
